學校代碼,學校名稱,日間∕進修別,等級別,一年級男生,一年級女生,二年級男生,二年級女生,三年級男生,三年級女生,四年級男生,四年級女生,五年級男生,五年級女生,六年級男生,六年級女生,七年級男生,七年級女生,延修生男生,延修生女生,縣市名稱,體系別
0001,國立政治大學,D 日,D 博士,117,76,79,62,94,58,98,57,75,53,61,43,59,41,0,0,30 臺北市,1 一般
0001,國立政治大學,D 日,M 碩士,626,707,573,683,344,404,207,272,0,0,0,0,0,0,0,0,30 臺北市,1 一般
0001,國立政治大學,D 日,B 學士,859,1359,843,1423,857,1394,881,1350,0,0,0,0,0,0,271,402,30 臺北市,1 一般
0001,國立政治大學,N 職,M 碩士,314,233,294,257,154,142,67,77,46,41,0,0,0,0,0,0,30 臺北市,1 一般
0002,國立清華大學,D 日,D 博士,248,58,219,54,213,55,220,56,189,50,152,62,141,46,21,2,18 新竹市,1 一般
0002,國立清華大學,D 日,M 碩士,1149,511,1044,508,351,141,93,109,0,0,0,0,0,0,8,6,18 新竹市,1 一般
0002,國立清華大學,D 日,B 學士,940,517,994,537,1009,506,963,547,0,0,0,0,0,0,179,88,18 新竹市,1 一般
0002,國立清華大學,N 職,M 碩士,78,46,65,51,23,12,9,4,0,0,0,0,0,0,9,8,18 新竹市,1 一般
0003,國立臺灣大學,D 日,D 博士,489,201,432,178,463,176,486,201,411,197,359,169,344,159,0,0,30 臺北市,1 一般
0003,國立臺灣大學,D 日,M 碩士,2429,1510,2296,1407,833,622,382,373,0,0,0,0,0,0,0,0,30 臺北市,1 一般
0003,國立臺灣大學,D 日,B 學士,2028,1612,2139,1636,2156,1612,2058,1625,178,68,136,52,93,25,637,450,30 臺北市,1 一般
0003,國立臺灣大學,N 職,M 碩士,252,129,255,142,166,79,51,23,30,8,17,8,0,0,0,0,30 臺北市,1 一般
0003,國立臺灣大學,P 進,B 學士,0,0,0,0,0,0,0,0,0,0,0,0,0,0,4,5,30 臺北市,1 一般
0004,國立臺灣師範大學,D 日,D 博士,132,110,114,113,113,100,100,99,97,85,81,75,74,59,0,0,30 臺北市,3 師範
0004,國立臺灣師範大學,D 日,M 碩士,601,731,520,688,331,508,186,374,0,0,0,0,0,0,0,0,30 臺北市,3 師範
0004,國立臺灣師範大學,D 日,B 學士,836,1097,803,1073,722,1068,754,1037,0,0,0,0,0,0,254,221,30 臺北市,3 師範
0004,國立臺灣師範大學,N 職,M 碩士,156,340,112,226,69,186,53,153,46,87,21,53,0,0,0,0,30 臺北市,3 師範
0004,國立臺灣師範大學,S 暑,M 碩士,26,81,8,52,20,87,10,37,10,48,1,2,0,0,0,0,30 臺北市,3 師範
0005,國立成功大學,D 日,D 博士,264,131,215,94,280,93,270,89,267,106,248,85,283,70,0,0,21 臺南市,1 一般
0005,國立成功大學,D 日,M 碩士,1846,990,1726,913,403,329,140,153,0,0,0,0,0,0,0,0,21 臺南市,1 一般
0005,國立成功大學,D 日,B 學士,1763,1054,1737,996,1659,929,1587,1013,67,38,52,19,49,21,315,137,21 臺南市,1 一般
0005,國立成功大學,N 職,M 碩士,281,174,248,147,165,89,77,23,41,22,0,0,0,0,0,0,21 臺南市,1 一般
0006,國立中興大學,D 日,D 博士,132,46,131,39,129,48,131,51,134,51,120,37,117,42,4,3,19 臺中市,1 一般
0006,國立中興大學,D 日,M 碩士,904,537,832,482,263,177,84,74,0,0,0,0,0,0,5,4,19 臺中市,1 一般
0006,國立中興大學,D 日,B 學士,1092,790,1182,831,1139,806,1131,781,36,38,0,0,0,0,176,72,19 臺中市,1 一般
0006,國立中興大學,D 日,X 4+X,8,1,0,0,0,0,0,0,0,0,0,0,0,0,0,0,19 臺中市,1 一般
0006,國立中興大學,N 職,M 碩士,341,173,387,193,209,64,124,44,82,27,0,0,0,0,0,0,19 臺中市,1 一般
0006,國立中興大學,P 進,B 學士,99,134,86,143,74,140,87,109,71,96,0,0,0,0,2,5,19 臺中市,1 一般
0007,國立交通大學,D 日,D 博士,280,71,254,51,230,44,216,58,235,53,187,31,176,32,36,11,18 新竹市,1 一般
0007,國立交通大學,D 日,M 碩士,1458,600,1359,582,703,289,152,95,0,0,0,0,0,0,0,4,18 新竹市,1 一般
0007,國立交通大學,D 日,B 學士,931,418,929,401,870,407,886,385,0,0,0,0,0,0,160,45,18 新竹市,1 一般
0007,國立交通大學,N 職,M 碩士,252,128,370,142,215,71,140,34,0,0,0,0,0,0,130,20,18 新竹市,1 一般
0008,國立中央大學,D 日,D 博士,150,57,130,33,130,35,135,41,115,39,113,27,129,34,6,1,03 桃園縣,1 一般
0008,國立中央大學,D 日,M 碩士,967,422,964,389,237,123,91,67,0,0,0,0,0,0,1,3,03 桃園縣,1 一般
0008,國立中央大學,D 日,B 學士,966,544,924,535,997,500,974,458,0,0,0,0,0,0,152,48,03 桃園縣,1 一般
0008,國立中央大學,N 職,M 碩士,335,163,304,162,109,64,78,22,75,15,0,0,0,0,0,0,03 桃園縣,1 一般
0009,國立中山大學,D 日,D 博士,96,47,93,37,106,47,104,40,91,32,75,34,70,35,1,0,50 高雄市,1 一般
0009,國立中山大學,D 日,M 碩士,795,392,725,403,263,171,95,78,0,0,0,0,0,0,1,0,50 高雄市,1 一般
0009,國立中山大學,D 日,B 學士,703,431,720,415,701,389,681,413,0,0,0,0,0,0,139,63,50 高雄市,1 一般
0009,國立中山大學,N 職,M 碩士,177,157,151,134,56,52,36,28,0,0,0,0,0,0,25,16,50 高雄市,1 一般
0009,國立中山大學,S 暑,M 碩士,1,4,1,4,2,6,0,3,0,0,0,0,0,0,2,3,50 高雄市,1 一般
0012,國立臺灣海洋大學,D 日,D 博士,52,9,31,14,33,9,35,11,42,7,34,9,35,3,8,2,17 基隆市,1 一般
0012,國立臺灣海洋大學,D 日,M 碩士,422,187,451,176,126,32,21,12,0,0,0,0,0,0,3,0,17 基隆市,1 一般
0012,國立臺灣海洋大學,D 日,B 學士,942,430,900,416,915,414,902,344,0,0,0,0,0,0,125,21,17 基隆市,1 一般
0012,國立臺灣海洋大學,N 職,M 碩士,154,81,139,77,43,26,22,9,0,0,0,0,0,0,7,4,17 基隆市,1 一般
0012,國立臺灣海洋大學,N 修,X 4+X,74,7,41,2,0,0,0,0,0,0,0,0,0,0,0,0,17 基隆市,1 一般
0012,國立臺灣海洋大學,P 進,B 學士,67,56,75,48,71,51,55,57,0,0,0,0,0,0,18,14,17 基隆市,1 一般
0013,國立中正大學,D 日,D 博士,68,31,51,36,62,23,62,18,60,26,65,31,57,29,5,1,10 嘉義縣,1 一般
0013,國立中正大學,D 日,M 碩士,700,372,713,330,286,210,133,123,0,0,0,0,0,0,3,3,10 嘉義縣,1 一般
0013,國立中正大學,D 日,B 學士,859,745,854,787,846,767,772,750,0,0,0,0,0,0,173,78,10 嘉義縣,1 一般
0013,國立中正大學,N 職,M 碩士,248,271,199,246,126,121,130,101,147,118,0,2,0,0,0,0,10 嘉義縣,1 一般
0014,國立高雄師範大學,D 日,D 博士,45,33,36,47,43,34,34,34,25,31,15,27,29,23,5,4,50 高雄市,3 師範
0014,國立高雄師範大學,D 日,M 碩士,207,263,161,250,101,200,71,146,0,0,0,0,0,0,9,20,50 高雄市,3 師範
0014,國立高雄師範大學,D 日,B 學士,409,439,401,446,359,456,354,460,0,0,0,0,0,0,50,59,50 高雄市,3 師範
0014,國立高雄師範大學,N 職,M 碩士,137,236,97,243,113,171,48,77,36,69,17,41,0,0,1,0,50 高雄市,3 師範
0015,國立彰化師範大學,D 日,D 博士,58,33,50,30,36,26,41,29,40,16,27,9,32,38,0,0,07 彰化縣,3 師範
0015,國立彰化師範大學,D 日,M 碩士,298,270,268,246,131,132,62,120,0,0,0,0,0,0,0,0,07 彰化縣,3 師範
0015,國立彰化師範大學,D 日,B 學士,616,562,591,564,617,567,598,582,0,0,0,0,0,0,117,44,07 彰化縣,3 師範
0015,國立彰化師範大學,N 職,M 碩士,156,154,168,160,42,50,34,24,26,27,46,40,0,0,0,0,07 彰化縣,3 師範
0015,國立彰化師範大學,S 暑,M 碩士,26,45,26,44,29,26,14,28,13,0,15,42,0,0,0,0,07 彰化縣,3 師範
0016,國立陽明大學,D 日,D 博士,106,60,91,65,87,70,90,61,91,71,60,40,67,48,0,0,30 臺北市,1 一般
0016,國立陽明大學,D 日,M 碩士,215,309,212,296,79,76,18,26,0,0,0,0,0,0,0,4,30 臺北市,1 一般
0016,國立陽明大學,D 日,B 學士,213,189,207,199,216,176,199,181,100,63,110,71,83,38,25,7,30 臺北市,1 一般
0016,國立陽明大學,N 職,M 碩士,13,28,10,26,4,12,3,13,0,3,0,0,0,0,0,0,30 臺北市,1 一般
0017,國立臺北大學,D 日,D 博士,22,12,32,10,13,7,15,7,15,10,15,7,14,4,1,1,01 新北市,1 一般
0017,國立臺北大學,D 日,M 碩士,240,248,252,231,100,107,65,65,0,0,0,0,0,0,2,2,01 新北市,1 一般
0017,國立臺北大學,D 日,B 學士,598,798,622,778,621,794,515,804,0,0,0,0,0,0,98,107,01 新北市,1 一般
0017,國立臺北大學,N 職,M 碩士,86,102,80,96,0,0,0,0,0,0,0,0,0,0,47,59,01 新北市,1 一般
0017,國立臺北大學,N 修,X 4+X,2,0,0,0,0,0,0,0,0,0,0,0,0,0,3,1,01 新北市,1 一般
0017,國立臺北大學,P 進,B 學士,133,177,170,206,188,293,173,290,38,68,0,0,0,0,64,105,01 新北市,1 一般
0018,國立嘉義大學,D 日,D 博士,22,16,19,13,12,15,9,16,12,20,13,7,8,5,4,3,20 嘉義市,1 一般
0018,國立嘉義大學,D 日,M 碩士,294,252,284,253,160,143,65,100,0,0,0,0,0,0,14,11,20 嘉義市,1 一般
0018,國立嘉義大學,D 日,B 學士,1002,964,984,986,942,918,896,941,28,22,0,0,0,0,124,57,20 嘉義市,1 一般
0018,國立嘉義大學,N 職,M 碩士,151,190,134,169,103,139,28,51,0,0,0,0,0,0,15,25,20 嘉義市,1 一般
0018,國立嘉義大學,P 進,B 學士,318,281,266,241,252,204,208,229,0,0,0,0,0,0,69,43,20 嘉義市,1 一般
0018,國立嘉義大學,S 暑,M 碩士,0,0,0,0,0,0,1,7,0,0,0,0,0,0,0,0,20 嘉義市,1 一般
0019,國立高雄大學,D 日,D 博士,2,0,3,1,3,1,2,0,1,0,2,0,0,0,0,0,50 高雄市,1 一般
0019,國立高雄大學,D 日,M 碩士,173,79,178,74,79,21,25,15,0,0,0,0,0,0,0,0,50 高雄市,1 一般
0019,國立高雄大學,D 日,B 學士,592,458,593,412,556,428,540,434,0,0,0,0,0,0,90,37,50 高雄市,1 一般
0019,國立高雄大學,N 職,M 碩士,103,55,95,66,56,19,32,17,12,6,10,7,0,0,0,0,50 高雄市,1 一般
0019,國立高雄大學,N 修,C 二技,0,0,0,0,39,20,30,20,26,30,0,0,0,0,9,3,50 高雄市,2 技職
0020,國立東華大學,D 日,D 博士,40,17,57,28,38,24,37,19,20,14,30,18,24,13,3,1,15 花蓮縣,1 一般
0020,國立東華大學,D 日,M 碩士,340,254,362,259,207,158,139,121,0,0,0,0,0,0,2,9,15 花蓮縣,1 一般
0020,國立東華大學,D 日,B 學士,903,910,843,934,874,894,808,813,0,0,0,0,0,0,216,107,15 花蓮縣,1 一般
0020,國立東華大學,N 職,M 碩士,82,105,84,80,45,33,10,14,16,12,12,12,0,0,0,0,15 花蓮縣,1 一般
0020,國立東華大學,S 暑,M 碩士,0,0,2,21,0,0,8,13,5,3,0,0,0,0,0,0,15 花蓮縣,1 一般
0021,國立暨南國際大學,D 日,D 博士,31,30,31,17,25,25,26,18,23,16,25,13,15,17,9,3,08 南投縣,1 一般
0021,國立暨南國際大學,D 日,M 碩士,201,153,236,139,120,100,50,55,0,0,0,0,0,0,17,37,08 南投縣,1 一般
0021,國立暨南國際大學,D 日,B 學士,558,593,441,542,453,519,426,525,0,0,0,0,0,0,83,39,08 南投縣,1 一般
0021,國立暨南國際大學,N 職,M 碩士,70,79,66,71,16,20,15,13,3,6,7,4,0,0,0,0,08 南投縣,1 一般
0021,國立暨南國際大學,N 修,C 二技,0,0,0,0,0,0,0,0,0,0,0,0,0,0,0,1,08 南投縣,2 技職
0022,國立臺灣科技大學,D 日,D 博士,181,56,180,53,126,27,97,21,69,15,63,8,45,12,17,0,30 臺北市,2 技職
0022,國立臺灣科技大學,D 日,M 碩士,1066,459,931,352,170,79,52,21,0,0,0,0,0,0,0,0,30 臺北市,2 技職
0022,國立臺灣科技大學,D 日,B 四技,887,410,913,384,894,380,837,376,0,0,0,0,0,0,161,66,30 臺北市,2 技職
0022,國立臺灣科技大學,D 日,C 二技,0,0,0,0,15,30,8,23,0,0,0,0,0,0,2,3,30 臺北市,2 技職
0022,國立臺灣科技大學,D 日,X 4+X,1,1,0,0,0,0,0,0,0,0,0,0,0,0,11,6,30 臺北市,2 技職
0022,國立臺灣科技大學,N 職,D 博士,0,0,0,0,0,0,1,0,5,0,8,1,11,3,5,1,30 臺北市,2 技職
0022,國立臺灣科技大學,N 職,M 碩士,223,91,196,90,97,16,64,6,0,0,0,0,0,0,5,0,30 臺北市,2 技職
0022,國立臺灣科技大學,N 修,C 二技,0,0,0,0,4,9,4,9,0,0,0,0,0,0,7,7,30 臺北市,2 技職
0023,國立雲林科技大學,D 日,D 博士,63,36,57,24,42,18,47,20,56,21,25,16,29,10,4,3,09 雲林縣,2 技職
0023,國立雲林科技大學,D 日,M 碩士,593,307,561,252,142,101,47,37,0,0,0,0,0,0,1,0,09 雲林縣,2 技職
0023,國立雲林科技大學,D 日,B 四技,945,616,896,583,858,626,822,637,0,0,0,0,0,0,107,56,09 雲林縣,2 技職
0023,國立雲林科技大學,D 日,C 二技,0,0,0,0,47,54,33,45,5,9,0,0,0,0,0,0,09 雲林縣,2 技職
0023,國立雲林科技大學,N 職,M 碩士,166,145,132,127,45,39,37,21,17,11,0,0,0,0,0,0,09 雲林縣,2 技職
0024,國立屏東科技大學,D 日,D 博士,34,21,26,18,29,13,23,11,23,6,9,3,5,3,8,2,13 屏東縣,2 技職
0024,國立屏東科技大學,D 日,M 碩士,345,247,315,206,116,98,47,25,0,0,0,0,0,0,5,4,13 屏東縣,2 技職
0024,國立屏東科技大學,D 日,B 四技,992,955,986,896,922,930,862,919,49,48,0,0,0,0,113,46,13 屏東縣,2 技職
0024,國立屏東科技大學,D 日,C 二技,0,0,0,0,0,0,0,0,0,0,0,0,0,0,1,0,13 屏東縣,2 技職
0024,國立屏東科技大學,N 職,M 碩士,147,78,126,70,57,23,19,12,13,7,12,2,0,0,0,0,13 屏東縣,2 技職
0024,國立屏東科技大學,N 修,B 四技,173,165,211,221,165,216,102,137,0,0,0,0,0,0,38,26,13 屏東縣,2 技職
0024,國立屏東科技大學,N 修,C 二技,0,0,0,0,0,0,0,0,0,0,0,0,0,0,1,0,13 屏東縣,2 技職
0025,國立臺北科技大學,D 日,D 博士,113,26,107,25,94,20,94,27,72,17,55,8,45,10,0,0,30 臺北市,2 技職
0025,國立臺北科技大學,D 日,M 碩士,917,258,889,257,167,69,49,20,0,0,0,0,0,0,0,0,30 臺北市,2 技職
0025,國立臺北科技大學,D 日,B 四技,1036,469,1082,446,1057,366,1071,379,0,0,0,0,0,0,14,5,30 臺北市,2 技職
0025,國立臺北科技大學,D 日,C 二技,0,0,0,0,20,4,6,1,0,0,0,0,0,0,0,0,30 臺北市,2 技職
0025,國立臺北科技大學,N 職,M 碩士,353,131,293,125,161,47,90,20,0,0,0,0,0,0,0,0,30 臺北市,2 技職
0025,國立臺北科技大學,N 修,B 四技,243,45,118,9,0,0,0,0,0,0,0,0,0,0,0,0,30 臺北市,2 技職
0025,國立臺北科技大學,N 修,C 二技,0,0,0,0,219,94,243,93,38,23,0,0,0,0,16,3,30 臺北市,2 技職
0025,國立臺北科技大學,N 修,X 4+X,0,0,0,0,0,0,0,0,0,0,0,0,0,0,0,1,30 臺北市,2 技職
0026,國立高雄第一科技大學,D 日,D 博士,38,10,27,13,31,8,32,4,21,2,9,4,8,5,11,1,12 高雄市,2 技職
0026,國立高雄第一科技大學,D 日,M 碩士,286,171,307,154,98,47,39,26,0,0,0,0,0,0,0,0,12 高雄市,2 技職
0026,國立高雄第一科技大學,D 日,B 四技,701,689,661,655,684,631,606,725,0,0,0,0,0,0,81,49,12 高雄市,2 技職
0026,國立高雄第一科技大學,D 日,C 二技,0,0,0,0,13,58,12,63,0,0,0,0,0,0,0,3,12 高雄市,2 技職
0026,國立高雄第一科技大學,D 日,X 4+X,16,12,0,0,0,0,0,0,0,0,0,0,0,0,1,0,12 高雄市,2 技職
0026,國立高雄第一科技大學,N 職,M 碩士,193,94,135,78,90,34,37,11,5,2,0,0,0,0,37,6,12 高雄市,2 技職
0027,國立高雄應用科技大學,D 日,D 博士,43,13,49,9,58,9,48,5,23,5,15,2,7,0,0,0,50 高雄市,2 技職
0027,國立高雄應用科技大學,D 日,M 碩士,432,166,454,162,58,35,19,7,0,0,0,0,0,0,0,0,50 高雄市,2 技職
0027,國立高雄應用科技大學,D 日,B 四技,1167,692,1136,713,1240,613,1101,639,0,0,0,0,0,0,155,49,50 高雄市,2 技職
0027,國立高雄應用科技大學,D 日,C 二技,0,0,0,0,22,14,32,17,0,0,0,0,0,0,9,2,50 高雄市,2 技職
0027,國立高雄應用科技大學,N 職,M 碩士,343,194,342,184,117,20,49,8,0,0,0,0,0,0,23,1,50 高雄市,2 技職
0027,國立高雄應用科技大學,N 修,B 四技,198,85,201,71,181,86,176,89,0,0,0,0,0,0,73,5,50 高雄市,2 技職
0027,國立高雄應用科技大學,N 修,C 二技,0,0,0,0,133,143,112,123,0,0,0,0,0,0,6,5,50 高雄市,2 技職
0028,國立臺北藝術大學,D 日,D 博士,5,9,3,8,4,4,4,10,0,3,1,5,0,5,0,0,30 臺北市,1 一般
0028,國立臺北藝術大學,D 日,M 碩士,96,175,74,168,80,161,71,106,0,0,0,0,0,0,1,3,30 臺北市,1 一般
0028,國立臺北藝術大學,D 日,B 學士,126,280,128,273,133,250,126,251,0,0,0,0,0,0,61,72,30 臺北市,1 一般
0028,國立臺北藝術大學,D 日,5 五專,15,15,4,21,10,21,0,0,0,0,0,0,0,0,0,0,30 臺北市,1 一般
0028,國立臺北藝術大學,N 職,M 碩士,20,22,11,38,14,21,4,5,1,4,0,0,0,0,0,0,30 臺北市,1 一般
0029,國立臺灣藝術大學,D 日,D 博士,11,12,7,11,7,9,7,6,1,3,2,3,1,1,0,0,01 新北市,1 一般
0029,國立臺灣藝術大學,D 日,M 碩士,84,143,90,125,52,119,42,72,0,0,0,0,0,0,0,0,01 新北市,1 一般
0029,國立臺灣藝術大學,D 日,B 學士,163,390,156,384,132,383,125,386,0,0,0,0,0,0,61,100,01 新北市,1 一般
0029,國立臺灣藝術大學,N 職,M 碩士,48,57,26,82,26,62,14,37,13,15,6,11,0,0,0,0,01 新北市,1 一般
0029,國立臺灣藝術大學,N 修,C 二技,0,0,0,0,36,124,25,99,0,0,0,0,0,0,5,19,01 新北市,2 技職
0029,國立臺灣藝術大學,P 進,B 學士,116,259,131,248,105,267,98,251,0,0,0,0,0,0,54,81,01 新北市,1 一般
0030,國立臺東大學,D 日,D 博士,4,4,2,2,3,10,5,6,0,2,2,2,1,1,0,0,14 臺東縣,1 一般
0030,國立臺東大學,D 日,M 碩士,31,59,33,56,31,38,21,34,0,0,0,0,0,0,0,0,14 臺東縣,1 一般
0030,國立臺東大學,D 日,B 學士,419,465,395,451,400,404,412,382,0,0,0,0,0,0,98,54,14 臺東縣,1 一般
0030,國立臺東大學,N 職,M 碩士,48,77,61,54,0,0,0,0,0,0,0,0,0,0,11,24,14 臺東縣,1 一般
0030,國立臺東大學,P 進,B 學士,27,28,29,22,17,21,24,22,0,0,0,0,0,0,6,0,14 臺東縣,1 一般
0030,國立臺東大學,S 暑,M 碩士,37,104,36,98,9,21,1,5,0,0,0,0,0,0,13,32,14 臺東縣,1 一般
0031,國立宜蘭大學,D 日,D 博士,3,1,0,0,2,0,2,1,1,1,2,0,0,0,0,0,02 宜蘭縣,1 一般
0031,國立宜蘭大學,D 日,M 碩士,151,69,148,61,57,25,20,2,0,0,0,0,0,0,0,1,02 宜蘭縣,1 一般
0031,國立宜蘭大學,D 日,B 學士,660,408,676,391,661,376,598,380,0,0,0,0,0,0,96,29,02 宜蘭縣,1 一般
0031,國立宜蘭大學,N 職,M 碩士,49,17,48,16,27,5,0,0,0,0,0,0,0,0,11,5,02 宜蘭縣,1 一般
0031,國立宜蘭大學,N 修,B 學士,27,3,23,9,50,9,53,6,0,0,0,0,0,0,8,3,02 宜蘭縣,1 一般
0031,國立宜蘭大學,P 進,B 學士,76,29,50,35,40,21,39,24,0,0,0,0,0,0,26,2,02 宜蘭縣,1 一般
0032,國立聯合大學,D 日,D 博士,1,0,1,0,1,0,1,0,1,1,0,0,0,0,0,0,05 苗栗縣,1 一般
0032,國立聯合大學,D 日,M 碩士,128,60,135,62,49,11,11,5,0,0,0,0,0,0,3,2,05 苗栗縣,1 一般
0032,國立聯合大學,D 日,B 學士,1029,473,1039,427,1015,408,988,422,23,16,0,0,0,0,192,37,05 苗栗縣,1 一般
0032,國立聯合大學,P 進,B 學士,259,160,198,123,171,127,159,110,0,0,0,0,0,0,92,53,05 苗栗縣,1 一般
0033,國立虎尾科技大學,D 日,D 博士,4,0,4,2,5,1,4,0,2,0,3,0,2,0,0,0,09 雲林縣,2 技職
0033,國立虎尾科技大學,D 日,M 碩士,316,61,304,78,75,10,19,2,0,0,0,0,0,0,0,0,09 雲林縣,2 技職
0033,國立虎尾科技大學,D 日,B 四技,1351,472,1357,471,1349,476,1313,482,0,0,0,0,0,0,250,40,09 雲林縣,2 技職
0033,國立虎尾科技大學,D 日,C 二技,0,0,0,0,64,32,71,26,0,0,0,0,0,0,5,1,09 雲林縣,2 技職
0033,國立虎尾科技大學,N 職,M 碩士,72,35,53,40,43,5,13,6,10,8,0,0,0,0,0,0,09 雲林縣,2 技職
0033,國立虎尾科技大學,N 修,B 四技,249,76,207,70,159,77,194,72,0,0,0,0,0,0,34,4,09 雲林縣,2 技職
0033,國立虎尾科技大學,N 修,C 二技,0,0,0,0,34,28,41,32,0,0,0,0,0,0,2,1,09 雲林縣,2 技職
0034,國立高雄海洋科技大學,D 日,D 博士,3,0,0,0,0,0,0,0,0,0,0,0,0,0,0,0,50 高雄市,2 技職
0034,國立高雄海洋科技大學,D 日,M 碩士,101,42,83,55,29,13,6,5,0,0,0,0,0,0,0,0,50 高雄市,2 技職
0034,國立高雄海洋科技大學,D 日,B 四技,734,440,717,414,660,425,638,435,0,0,0,0,0,0,166,47,50 高雄市,2 技職
0034,國立高雄海洋科技大學,D 日,C 二技,0,0,0,0,86,22,99,12,0,0,0,0,0,0,25,3,50 高雄市,2 技職
0034,國立高雄海洋科技大學,D 日,X 4+X,25,7,0,0,0,0,0,0,0,0,0,0,0,0,1,0,50 高雄市,2 技職
0034,國立高雄海洋科技大學,D 日,5 五專,87,19,80,16,90,10,79,13,69,11,0,0,0,0,24,1,50 高雄市,2 技職
0034,國立高雄海洋科技大學,N 職,M 碩士,49,26,49,24,15,8,3,1,0,0,0,0,0,0,0,0,50 高雄市,2 技職
0034,國立高雄海洋科技大學,N 修,B 四技,296,187,290,162,231,157,235,151,0,0,0,0,0,0,98,45,50 高雄市,2 技職
0035,國立臺南藝術大學,D 日,D 博士,3,3,7,2,2,3,0,5,0,7,7,0,4,4,0,1,11 臺南市,1 一般
0035,國立臺南藝術大學,D 日,M 碩士,60,104,51,87,33,79,59,91,0,0,0,0,0,0,0,1,11 臺南市,1 一般
0035,國立臺南藝術大學,D 日,B 學士,49,130,48,128,33,139,43,118,0,0,0,0,0,0,23,20,11 臺南市,1 一般
0035,國立臺南藝術大學,D 日,5 五專,26,30,26,31,15,35,0,0,0,0,0,0,0,0,0,0,11 臺南市,1 一般
0035,國立臺南藝術大學,N 職,M 碩士,5,7,8,10,1,4,1,2,0,0,0,0,0,0,3,4,11 臺南市,1 一般
0035,國立臺南藝術大學,P 進,B 學士,0,0,0,0,0,0,0,0,0,0,0,0,0,0,1,1,11 臺南市,1 一般
0036,國立臺南大學,D 日,D 博士,23,11,17,17,13,17,10,11,14,16,16,5,4,10,0,0,21 臺南市,1 一般
0036,國立臺南大學,D 日,M 碩士,195,176,169,159,98,124,45,99,0,0,0,0,0,0,2,2,21 臺南市,1 一般
0036,國立臺南大學,D 日,B 學士,432,533,433,499,409,523,369,536,0,0,0,0,0,0,70,54,21 臺南市,1 一般
0036,國立臺南大學,N 職,M 碩士,96,151,71,141,43,88,26,38,5,11,1,7,0,0,3,5,21 臺南市,1 一般
0036,國立臺南大學,P 進,B 學士,7,18,22,37,39,57,45,35,0,0,0,0,0,0,11,5,21 臺南市,1 一般
0036,國立臺南大學,S 暑,M 碩士,0,0,0,0,0,0,2,14,0,0,1,5,0,0,0,0,21 臺南市,1 一般
0037,國立臺北教育大學,D 日,D 博士,10,15,14,7,10,13,10,8,13,7,5,8,14,10,0,0,30 臺北市,3 師範
0037,國立臺北教育大學,D 日,M 碩士,124,252,91,238,76,159,60,134,0,0,0,0,0,0,4,2,30 臺北市,3 師範
0037,國立臺北教育大學,D 日,B 學士,283,540,254,535,269,500,248,526,0,0,0,0,0,0,57,58,30 臺北市,3 師範
0037,國立臺北教育大學,N 職,M 碩士,73,210,88,216,37,61,24,41,0,0,0,0,0,0,18,41,30 臺北市,3 師範
0037,國立臺北教育大學,S 暑,M 碩士,5,53,4,54,9,46,10,60,0,0,0,0,0,0,8,10,30 臺北市,3 師範
0038,國立新竹教育大學,D 日,D 博士,4,9,3,10,2,8,7,3,4,6,4,6,5,4,4,1,18 新竹市,3 師範
0038,國立新竹教育大學,D 日,M 碩士,76,173,66,158,67,115,31,91,0,0,0,0,0,0,3,8,18 新竹市,3 師範
0038,國立新竹教育大學,D 日,B 學士,180,446,178,444,187,426,160,448,0,0,0,0,0,0,26,40,18 新竹市,3 師範
0038,國立新竹教育大學,N 職,M 碩士,25,110,35,93,17,41,6,17,4,29,4,11,2,9,2,12,18 新竹市,3 師範
0038,國立新竹教育大學,S 暑,M 碩士,5,31,3,15,4,51,5,14,1,15,1,4,1,7,3,5,18 新竹市,3 師範
0039,國立臺中教育大學,D 日,D 博士,13,10,10,9,15,11,9,11,11,4,6,8,3,5,1,2,19 臺中市,3 師範
0039,國立臺中教育大學,D 日,M 碩士,99,212,77,186,60,97,38,61,0,0,0,0,0,0,8,5,19 臺中市,3 師範
0039,國立臺中教育大學,D 日,B 學士,298,534,267,545,297,526,262,547,0,0,0,0,0,0,74,57,19 臺中市,3 師範
0039,國立臺中教育大學,N 職,M 碩士,38,142,27,121,7,35,9,26,0,0,0,0,0,0,10,7,19 臺中市,3 師範
0039,國立臺中教育大學,S 暑,M 碩士,25,40,27,45,17,60,24,17,11,11,2,0,0,0,3,1,19 臺中市,3 師範
0042,國立澎湖科技大學,D 日,M 碩士,19,17,17,19,8,5,4,0,0,0,0,0,0,0,0,0,16 澎湖縣,2 技職
0042,國立澎湖科技大學,D 日,B 四技,386,253,347,275,330,295,326,272,0,0,0,0,0,0,45,15,16 澎湖縣,2 技職
0042,國立澎湖科技大學,N 職,M 碩士,14,7,10,8,1,1,1,1,0,0,0,0,0,0,0,0,16 澎湖縣,2 技職
0042,國立澎湖科技大學,N 修,B 四技,39,56,33,43,32,45,32,37,0,0,0,0,0,0,3,1,16 澎湖縣,2 技職
0042,國立澎湖科技大學,N 修,2 二專,0,0,9,2,0,0,0,0,0,0,0,0,0,0,3,3,16 澎湖縣,2 技職
0043,國立勤益科技大學,D 日,D 博士,3,0,3,0,3,0,0,0,0,0,0,0,0,0,0,0,06 臺中市,2 技職
0043,國立勤益科技大學,D 日,M 碩士,226,57,181,50,62,12,25,0,0,0,0,0,0,0,0,0,06 臺中市,2 技職
0043,國立勤益科技大學,D 日,B 四技,1190,537,1178,476,1006,491,982,538,0,0,0,0,0,0,166,51,06 臺中市,2 技職
0043,國立勤益科技大學,D 日,C 二技,0,0,0,0,62,20,63,16,0,0,0,0,0,0,4,0,06 臺中市,2 技職
0043,國立勤益科技大學,D 日,2 二專,0,0,34,58,0,0,0,0,0,0,0,0,0,0,7,2,06 臺中市,2 技職
0043,國立勤益科技大學,N 職,M 碩士,82,25,58,15,24,0,12,3,0,0,0,0,0,0,8,1,06 臺中市,2 技職
0043,國立勤益科技大學,N 修,B 四技,749,190,733,170,557,122,593,134,0,0,0,0,0,0,119,23,06 臺中市,2 技職
0043,國立勤益科技大學,N 修,C 二技,0,0,0,0,35,11,50,16,0,0,0,0,0,0,12,0,06 臺中市,2 技職
0043,國立勤益科技大學,N 修,2 二專,0,0,0,0,0,0,0,0,0,0,0,0,0,0,7,0,06 臺中市,2 技職
0044,國立體育大學,D 日,D 博士,16,7,14,5,15,13,14,9,7,6,10,6,6,3,0,0,03 桃園縣,1 一般
0044,國立體育大學,D 日,M 碩士,62,50,64,39,38,30,22,14,0,0,0,0,0,0,0,0,03 桃園縣,1 一般
0044,國立體育大學,D 日,B 學士,215,147,208,142,227,134,183,144,0,0,0,0,0,0,60,37,03 桃園縣,1 一般
0044,國立體育大學,N 職,M 碩士,42,36,29,30,18,12,11,8,1,5,4,2,0,0,0,0,03 桃園縣,1 一般
0044,國立體育大學,N 修,C 二年制,0,0,0,0,37,13,25,10,0,0,0,0,0,0,7,3,03 桃園縣,1 一般
0046,國立臺北護理健康大學,D 日,D 博士,0,12,0,8,0,13,0,10,0,6,0,1,0,3,0,0,30 臺北市,2 技職
0046,國立臺北護理健康大學,D 日,M 碩士,29,145,32,141,18,112,10,88,0,0,0,0,0,0,0,0,30 臺北市,2 技職
0046,國立臺北護理健康大學,D 日,B 四技,154,452,127,410,131,406,93,395,0,0,0,0,0,0,12,21,30 臺北市,2 技職
0046,國立臺北護理健康大學,D 日,C 二技,0,0,0,0,5,335,5,340,0,0,0,0,0,0,1,3,30 臺北市,2 技職
0046,國立臺北護理健康大學,D 日,X 4+X,4,14,0,0,0,0,0,0,0,0,0,0,0,0,0,0,30 臺北市,2 技職
0046,國立臺北護理健康大學,N 職,M 碩士,9,55,9,47,2,36,2,20,0,0,0,0,0,0,0,0,30 臺北市,2 技職
0046,國立臺北護理健康大學,N 修,C 二技,0,0,0,0,7,248,1,220,4,207,0,0,0,0,0,6,30 臺北市,2 技職
0047,國立高雄餐旅大學,D 日,D 博士,2,5,1,1,4,1,2,1,0,0,0,0,0,0,0,0,50 高雄市,2 技職
0047,國立高雄餐旅大學,D 日,M 碩士,23,51,25,57,11,14,6,2,0,0,0,0,0,0,0,1,50 高雄市,2 技職
0047,國立高雄餐旅大學,D 日,B 四技,219,616,198,589,202,561,210,556,0,0,0,0,0,0,10,19,50 高雄市,2 技職
0047,國立高雄餐旅大學,D 日,C 二技,0,0,0,0,11,34,12,32,0,0,0,0,0,0,0,0,50 高雄市,2 技職
0047,國立高雄餐旅大學,D 日,5 五專,17,33,10,25,13,13,16,35,15,42,0,0,0,0,1,0,50 高雄市,2 技職
0047,國立高雄餐旅大學,N 職,M 碩士,18,23,11,23,1,8,4,0,0,0,0,0,0,0,0,0,50 高雄市,2 技職
0047,國立高雄餐旅大學,N 修,B 四技,54,176,61,169,48,147,51,141,0,0,0,0,0,0,4,7,50 高雄市,2 技職
0047,國立高雄餐旅大學,N 修,C 二技,0,0,0,0,33,119,41,107,0,0,0,0,0,0,3,4,50 高雄市,2 技職
0047,國立高雄餐旅大學,N 修,2 二專,50,90,30,47,0,0,0,0,0,0,0,0,0,0,21,5,50 高雄市,2 技職
0048,國立金門大學,D 日,M 碩士,50,33,37,24,24,14,16,10,0,0,0,0,0,0,0,0,71 金門縣,1 一般
0048,國立金門大學,D 日,B 學士,421,405,373,435,400,344,296,276,0,0,0,0,0,0,75,43,71 金門縣,1 一般
0048,國立金門大學,N 職,M 碩士,19,4,13,5,0,0,0,0,0,0,0,0,0,0,0,0,71 金門縣,1 一般
0048,國立金門大學,P 進,B 學士,133,89,98,72,101,85,107,75,0,0,0,0,0,0,22,14,71 金門縣,1 一般
0049,國立臺灣體育運動大學,D 日,M 碩士,53,42,40,36,34,26,12,18,0,0,0,0,0,0,3,11,19 臺中市,1 一般
0049,國立臺灣體育運動大學,D 日,B 學士,363,245,309,230,348,216,309,226,0,0,0,0,0,0,124,46,19 臺中市,1 一般
0049,國立臺灣體育運動大學,N 職,M 碩士,26,16,27,12,7,7,4,2,1,0,1,0,0,0,0,0,19 臺中市,1 一般
0049,國立臺灣體育運動大學,P 進,B 學士,79,18,61,25,75,25,61,27,0,0,0,0,0,0,22,9,19 臺中市,1 一般
0050,國立臺中科技大學,D 日,M 碩士,76,95,72,68,22,25,8,5,0,0,0,0,0,0,0,0,19 臺中市,2 技職
0050,國立臺中科技大學,D 日,B 四技,348,911,334,840,364,795,320,863,0,0,0,0,0,0,56,71,19 臺中市,2 技職
0050,國立臺中科技大學,D 日,C 二技,0,0,0,0,138,557,113,558,0,0,0,0,0,0,6,22,19 臺中市,2 技職
0050,國立臺中科技大學,D 日,2 二專,0,51,13,75,0,0,0,0,0,0,0,0,0,0,1,22,19 臺中市,2 技職
0050,國立臺中科技大學,D 日,5 五專,165,647,129,641,166,632,150,601,124,604,0,0,0,0,19,25,19 臺中市,2 技職
0050,國立臺中科技大學,N 職,M 碩士,27,31,25,24,8,5,4,3,3,2,0,0,0,0,0,0,19 臺中市,2 技職
0050,國立臺中科技大學,N 修,B 四技,215,401,152,373,160,370,144,358,0,0,0,0,0,0,32,53,19 臺中市,2 技職
0050,國立臺中科技大學,N 修,C 二技,0,0,0,0,50,155,37,127,0,0,0,0,0,0,6,24,19 臺中市,2 技職
0050,國立臺中科技大學,N 修,2 二專,9,84,7,79,0,0,0,0,0,0,0,0,0,0,3,16,19 臺中市,2 技職
0051,國立臺北商業大學,D 日,M 碩士,29,55,24,47,3,4,3,0,0,0,0,0,0,0,0,0,30 臺北市,2 技職
0051,國立臺北商業大學,D 日,B 四技,177,391,130,369,163,339,109,308,0,0,0,0,0,0,19,16,30 臺北市,2 技職
0051,國立臺北商業大學,D 日,C 二技,0,0,0,0,65,250,52,239,0,0,0,0,0,0,7,16,30 臺北市,2 技職
0051,國立臺北商業大學,D 日,5 五專,116,276,89,277,95,279,68,273,71,309,0,0,0,0,16,27,30 臺北市,2 技職
0051,國立臺北商業大學,N 職,M 碩士,3,7,5,5,0,0,1,0,0,0,0,0,0,0,0,0,30 臺北市,2 技職
0051,國立臺北商業大學,N 修,B 四技,34,121,41,113,36,105,33,131,0,0,0,0,0,0,17,66,30 臺北市,2 技職
0051,國立臺北商業大學,N 修,C 二技,0,0,0,0,144,343,129,286,0,0,0,0,0,0,24,24,30 臺北市,2 技職
0051,國立臺北商業大學,N 修,X 4+X,0,0,0,0,0,0,0,0,0,0,0,0,0,0,0,2,30 臺北市,2 技職
0051,國立臺北商業大學,N 修,2 二專,62,107,141,172,35,43,0,0,0,0,0,0,0,0,0,0,30 臺北市,2 技職
0052,國立屏東大學,D 日,D 博士,8,3,7,0,8,3,6,3,4,3,2,1,2,3,0,0,13 屏東縣,1 一般
0052,國立屏東大學,D 日,M 碩士,111,220,135,162,88,121,55,101,0,0,0,0,0,0,0,0,13 屏東縣,1 一般
0052,國立屏東大學,D 日,B 學士,663,1017,660,972,592,987,565,971,0,0,0,0,0,0,95,59,13 屏東縣,1 一般
0052,國立屏東大學,D 日,C 二技,0,0,0,0,0,0,0,0,0,0,0,0,0,0,0,1,13 屏東縣,2 技職
0052,國立屏東大學,N 職,M 碩士,28,109,22,102,17,36,10,34,14,35,0,0,0,0,0,0,13 屏東縣,1 一般
0052,國立屏東大學,P 進,B 學士,65,89,66,79,56,106,83,100,0,0,0,0,0,0,26,31,13 屏東縣,1 一般
0052,國立屏東大學,S 暑,M 碩士,12,23,11,23,8,21,2,13,1,1,0,0,0,0,0,0,13 屏東縣,1 一般
0144,國立臺灣戲曲學院,D 日,B 四技,51,85,43,81,37,65,30,73,0,0,0,0,0,0,8,11,30 臺北市,2 技職
0144,國立臺灣戲曲學院,N 修,B 四技,9,11,9,15,0,0,0,0,0,0,0,0,0,0,0,0,30 臺北市,2 技職
0221,國立臺南護理專科學校,D 日,2 二專,1,44,0,43,0,0,0,0,0,0,0,0,0,0,0,2,21 臺南市,2 技職
0221,國立臺南護理專科學校,D 日,5 五專,27,332,25,333,13,334,11,341,14,320,0,0,0,0,0,8,21 臺南市,2 技職
0221,國立臺南護理專科學校,N 修,2 二專,2,37,2,38,0,0,0,0,0,0,0,0,0,0,1,3,21 臺南市,2 技職
0222,國立臺東專科學校,D 日,2 二專,177,76,107,58,0,0,0,0,0,0,0,0,0,0,18,8,14 臺東縣,2 技職
0222,國立臺東專科學校,D 日,5 五專,62,62,75,71,66,64,68,54,43,43,0,0,0,0,5,0,14 臺東縣,2 技職
0222,國立臺東專科學校,N 修,2 二專,36,45,41,36,0,0,0,0,0,0,0,0,0,0,11,2,14 臺東縣,2 技職
1001,東海大學,D 日,D 博士,19,17,22,11,16,11,18,10,23,13,13,10,19,16,0,0,19 臺中市,1 一般
1001,東海大學,D 日,M 碩士,298,243,276,214,172,140,140,130,0,0,0,0,0,0,0,0,19 臺中市,1 一般
1001,東海大學,D 日,B 學士,1506,1852,1541,1886,1442,1813,1304,1740,16,10,0,0,0,0,345,232,19 臺中市,1 一般
1001,東海大學,N 職,M 碩士,119,135,113,122,49,80,79,81,0,0,0,0,0,0,0,0,19 臺中市,1 一般
1001,東海大學,P 進,B 學士,77,64,72,59,68,64,44,64,54,50,0,0,0,0,35,17,19 臺中市,1 一般
1002,輔仁大學,D 日,D 博士,43,29,34,31,29,31,44,24,30,19,34,27,33,29,1,3,01 新北市,1 一般
1002,輔仁大學,D 日,M 碩士,348,365,284,359,172,227,156,244,0,0,0,0,0,0,1,9,01 新北市,1 一般
1002,輔仁大學,D 日,B 學士,1800,2468,1823,2621,1723,2408,1667,2392,29,12,29,16,27,16,541,430,01 新北市,1 一般
1002,輔仁大學,N 職,M 碩士,233,307,212,255,91,130,84,77,0,0,0,0,0,0,107,121,01 新北市,1 一般
1002,輔仁大學,N 修,C 二技,0,0,0,0,0,28,0,32,0,0,0,0,0,0,2,0,01 新北市,2 技職
1002,輔仁大學,P 進,B 學士,426,776,445,732,348,681,298,607,0,0,0,0,0,0,149,235,01 新北市,1 一般
1003,東吳大學,D 日,D 博士,12,9,11,5,5,7,5,9,7,5,7,3,7,4,0,0,30 臺北市,1 一般
1003,東吳大學,D 日,M 碩士,187,202,139,168,119,118,124,136,0,0,0,0,0,0,0,0,30 臺北市,1 一般
1003,東吳大學,D 日,B 學士,1159,1697,1132,1633,1076,1637,1065,1626,104,132,0,0,0,0,314,336,30 臺北市,1 一般
1003,東吳大學,N 職,M 碩士,125,185,133,177,82,78,69,88,53,55,63,50,0,0,0,0,30 臺北市,1 一般
1003,東吳大學,P 進,B 學士,87,204,76,174,89,161,63,161,55,116,0,0,0,0,22,31,30 臺北市,1 一般
1004,中原大學,D 日,D 博士,60,13,50,15,40,14,44,14,30,7,38,6,26,9,0,0,03 桃園縣,1 一般
1004,中原大學,D 日,M 碩士,462,249,451,227,174,98,78,75,0,0,0,0,0,0,0,1,03 桃園縣,1 一般
1004,中原大學,D 日,B 學士,1826,1406,1767,1379,1747,1274,1568,1304,69,84,0,0,0,0,432,145,03 桃園縣,1 一般
1004,中原大學,D 日,X 4+X,8,11,0,0,0,0,0,0,0,0,0,0,0,0,0,0,03 桃園縣,1 一般
1004,中原大學,N 職,M 碩士,172,120,198,135,127,43,90,27,39,22,42,22,0,0,0,2,03 桃園縣,1 一般
1005,淡江大學,D 日,D 博士,42,30,59,25,39,20,0,0,0,0,0,0,0,0,175,91,01 新北市,1 一般
1005,淡江大學,D 日,M 碩士,461,303,432,287,0,0,0,0,0,0,0,0,0,0,287,287,01 新北市,1 一般
1005,淡江大學,D 日,B 學士,2543,2384,2651,2482,2461,2445,2404,2466,31,32,0,0,0,0,616,325,01 新北市,1 一般
1005,淡江大學,N 職,M 碩士,241,226,223,217,0,0,0,0,0,0,0,0,0,0,191,152,01 新北市,1 一般
1005,淡江大學,N 修,C 二技,0,0,0,0,11,13,12,22,1,10,0,0,0,0,1,0,01 新北市,2 技職
1005,淡江大學,P 進,B 學士,330,243,301,282,263,242,220,275,0,0,0,0,0,0,104,102,01 新北市,1 一般
1006,中國文化大學,D 日,D 博士,45,30,44,26,48,22,39,22,51,27,51,24,55,35,0,0,30 臺北市,1 一般
1006,中國文化大學,D 日,M 碩士,277,227,261,218,194,170,152,166,0,0,0,0,0,0,0,0,30 臺北市,1 一般
1006,中國文化大學,D 日,B 學士,2406,2771,2391,2649,2287,2662,2168,2490,0,0,0,0,0,0,680,424,30 臺北市,1 一般
1006,中國文化大學,N 職,M 碩士,83,118,82,126,53,53,30,33,0,0,0,0,0,0,26,25,30 臺北市,1 一般
1006,中國文化大學,N 修,C 二技,0,0,0,0,13,31,21,37,6,6,0,0,0,0,2,0,30 臺北市,2 技職
1006,中國文化大學,N 修,X 4+X,0,0,1,0,0,0,0,0,0,0,0,0,0,0,1,0,30 臺北市,1 一般
1006,中國文化大學,P 進,B 學士,250,367,253,360,234,437,182,290,0,0,0,0,0,0,127,164,30 臺北市,1 一般
1007,逢甲大學,D 日,D 博士,55,24,39,15,59,18,48,15,31,16,32,15,25,10,8,1,19 臺中市,1 一般
1007,逢甲大學,D 日,M 碩士,517,220,475,189,129,43,42,33,0,0,0,0,0,0,0,0,19 臺中市,1 一般
1007,逢甲大學,D 日,B 學士,2559,1567,2571,1578,2515,1552,2397,1446,41,36,0,0,0,0,487,111,19 臺中市,1 一般
1007,逢甲大學,N 職,M 碩士,281,187,244,170,88,40,69,21,37,13,0,0,0,0,0,0,19 臺中市,1 一般
1007,逢甲大學,P 進,B 學士,136,112,131,106,112,93,81,107,0,0,0,0,0,0,42,25,19 臺中市,1 一般
1008,靜宜大學,D 日,D 博士,3,6,2,3,5,2,1,1,1,1,4,1,6,1,0,0,06 臺中市,1 一般
1008,靜宜大學,D 日,M 碩士,78,121,89,132,63,47,36,63,0,0,0,0,0,0,0,0,06 臺中市,1 一般
1008,靜宜大學,D 日,B 學士,1076,1647,1009,1704,969,1721,923,1600,0,0,0,0,0,0,285,243,06 臺中市,1 一般
1008,靜宜大學,N 職,M 碩士,36,65,47,60,18,25,49,25,0,0,0,0,0,0,0,0,06 臺中市,1 一般
1008,靜宜大學,P 進,B 學士,0,0,0,0,24,18,14,17,0,0,0,0,0,0,7,1,06 臺中市,1 一般
1009,長庚大學,D 日,D 博士,65,26,58,22,50,21,42,23,55,22,51,13,28,16,31,14,03 桃園縣,1 一般
1009,長庚大學,D 日,M 碩士,307,233,313,177,110,105,38,46,0,0,0,0,0,0,11,20,03 桃園縣,1 一般
1009,長庚大學,D 日,B 學士,645,527,602,543,609,517,579,477,97,50,94,63,90,59,139,76,03 桃園縣,1 一般
1009,長庚大學,N 職,M 碩士,64,36,55,31,47,13,16,7,20,17,12,11,0,0,0,0,03 桃園縣,1 一般
1010,元智大學,D 日,D 博士,44,17,43,8,41,10,49,15,25,11,25,9,24,5,0,0,03 桃園縣,1 一般
1010,元智大學,D 日,M 碩士,310,154,297,138,120,49,45,26,0,0,0,0,0,0,0,0,03 桃園縣,1 一般
1010,元智大學,D 日,B 學士,1013,793,955,782,901,783,914,733,0,0,0,0,0,0,202,112,03 桃園縣,1 一般
1010,元智大學,N 職,M 碩士,217,135,166,137,105,36,59,13,48,10,55,14,0,0,0,0,03 桃園縣,1 一般
1010,元智大學,N 修,C 二技,0,0,0,0,0,0,0,0,0,0,0,0,0,0,0,1,03 桃園縣,2 技職
1011,中華大學,D 日,D 博士,24,7,13,5,15,3,17,5,12,3,11,6,8,3,0,0,18 新竹市,1 一般
1011,中華大學,D 日,M 碩士,178,204,123,32,61,19,36,10,0,0,0,0,0,0,1,0,18 新竹市,1 一般
1011,中華大學,D 日,B 學士,1047,722,1037,700,982,702,878,696,0,0,0,0,0,0,356,102,18 新竹市,1 一般
1011,中華大學,N 職,M 碩士,83,86,59,19,17,2,14,1,0,0,0,0,0,0,2,0,18 新竹市,1 一般
1011,中華大學,N 修,C 二技,0,0,0,0,33,13,70,58,0,0,0,0,0,0,2,0,18 新竹市,2 技職
1011,中華大學,P 進,B 學士,40,17,41,19,37,15,25,22,0,0,0,0,0,0,3,2,18 新竹市,1 一般
1012,大葉大學,D 日,D 博士,25,5,18,6,20,4,13,9,15,2,12,5,13,7,0,0,07 彰化縣,1 一般
1012,大葉大學,D 日,M 碩士,211,215,151,93,90,36,36,14,0,0,0,0,0,0,0,0,07 彰化縣,1 一般
1012,大葉大學,D 日,B 學士,1171,1101,1225,933,1106,839,1014,834,0,0,0,0,0,0,214,71,07 彰化縣,1 一般
1012,大葉大學,N 職,M 碩士,155,265,136,244,25,21,8,9,7,1,7,0,0,0,0,0,07 彰化縣,1 一般
1012,大葉大學,P 進,B 學士,307,218,212,100,177,99,85,47,0,0,0,0,0,0,12,5,07 彰化縣,1 一般
1012,大葉大學,S 暑,M 碩士,0,0,0,0,0,1,0,0,0,0,0,0,0,0,0,0,07 彰化縣,1 一般
1013,華梵大學,D 日,D 博士,7,5,6,5,5,3,3,3,2,4,3,1,7,2,0,0,01 新北市,1 一般
1013,華梵大學,D 日,M 碩士,39,77,54,41,47,24,34,12,0,0,0,0,0,0,0,0,01 新北市,1 一般
1013,華梵大學,D 日,B 學士,409,353,366,291,329,272,287,287,0,0,0,0,0,0,101,45,01 新北市,1 一般
1013,華梵大學,N 職,M 碩士,32,107,44,50,25,12,18,13,8,9,23,10,0,0,0,0,01 新北市,1 一般
1014,義守大學,D 日,D 博士,24,7,26,5,11,4,12,3,17,4,11,5,11,3,0,0,12 高雄市,1 一般
1014,義守大學,D 日,M 碩士,188,93,160,40,71,21,19,5,0,0,0,0,0,0,0,0,12 高雄市,1 一般
1014,義守大學,D 日,B 學士,1676,1558,1624,1558,1618,1419,1418,1329,22,20,0,0,0,0,414,158,12 高雄市,1 一般
1014,義守大學,N 職,M 碩士,113,88,156,66,0,0,0,0,0,0,0,0,0,0,45,28,12 高雄市,1 一般
1014,義守大學,N 修,C 二技,0,0,0,0,24,135,18,123,0,0,0,0,0,0,0,5,12 高雄市,2 技職
1014,義守大學,P 進,B 學士,408,238,264,170,276,208,288,189,0,0,0,0,0,0,113,47,12 高雄市,1 一般
1015,世新大學,D 日,D 博士,8,8,4,8,3,4,5,3,6,4,3,7,4,6,0,0,30 臺北市,1 一般
1015,世新大學,D 日,M 碩士,113,117,140,115,73,59,91,64,0,0,0,0,0,0,1,1,30 臺北市,1 一般
1015,世新大學,D 日,B 學士,878,1555,897,1544,861,1503,780,1507,0,0,0,0,0,0,189,151,30 臺北市,1 一般
1015,世新大學,N 職,M 碩士,162,144,156,112,88,70,75,38,38,41,42,31,0,0,0,0,30 臺北市,1 一般
1015,世新大學,N 修,C 二技,0,0,0,0,10,26,21,57,0,0,0,0,0,0,4,2,30 臺北市,2 技職
1015,世新大學,P 進,B 學士,15,45,0,0,0,0,0,0,0,0,0,0,0,0,0,0,30 臺北市,1 一般
1016,銘傳大學,D 日,D 博士,6,6,7,7,3,4,4,4,5,5,4,5,2,3,0,0,30 臺北市,1 一般
1016,銘傳大學,D 日,M 碩士,153,130,136,163,77,62,42,45,0,0,0,0,0,0,0,1,30 臺北市,1 一般
1016,銘傳大學,D 日,B 學士,1725,2619,1626,2555,1660,2491,1528,2533,18,22,0,0,0,0,392,355,30 臺北市,1 一般
1016,銘傳大學,N 職,M 碩士,167,210,129,208,24,37,26,31,11,24,10,5,0,0,0,0,30 臺北市,1 一般
1017,實踐大學,D 日,D 博士,1,3,2,0,0,0,0,0,0,0,0,0,0,0,0,2,30 臺北市,1 一般
1017,實踐大學,D 日,M 碩士,64,67,59,59,1,3,0,0,0,0,0,0,0,0,65,60,30 臺北市,1 一般
1017,實踐大學,D 日,B 學士,1087,2089,1077,1966,1016,1923,974,1831,13,22,0,0,0,0,200,207,30 臺北市,1 一般
1017,實踐大學,D 日,X 4+X,0,0,0,0,0,0,0,0,0,0,0,0,0,0,2,0,30 臺北市,1 一般
1017,實踐大學,N 職,M 碩士,30,35,21,28,11,6,0,0,0,0,0,0,0,0,35,27,30 臺北市,1 一般
1017,實踐大學,N 修,C 二技,0,0,0,0,2,55,7,76,0,0,0,0,0,0,5,33,30 臺北市,2 技職
1017,實踐大學,P 進,B 學士,186,411,157,410,148,398,125,396,0,0,0,0,0,0,65,118,30 臺北市,1 一般
1018,朝陽科技大學,D 日,D 博士,19,4,11,1,11,3,14,4,10,1,6,1,2,0,1,0,06 臺中市,2 技職
1018,朝陽科技大學,D 日,M 碩士,158,134,158,91,0,0,0,0,0,0,0,0,0,0,137,89,06 臺中市,2 技職
1018,朝陽科技大學,D 日,B 四技,1175,1771,1158,1715,1143,1685,1043,1605,0,0,0,0,0,0,212,139,06 臺中市,2 技職
1018,朝陽科技大學,D 日,C 二技,0,0,0,0,5,6,13,5,0,0,0,0,0,0,0,0,06 臺中市,2 技職
1018,朝陽科技大學,N 職,M 碩士,76,87,86,83,0,0,0,0,0,0,0,0,0,0,83,82,06 臺中市,2 技職
1018,朝陽科技大學,N 修,B 四技,383,396,360,371,395,461,390,496,0,0,0,0,0,0,161,129,06 臺中市,2 技職
1018,朝陽科技大學,N 修,C 二技,0,0,0,0,0,0,0,0,0,0,0,0,0,0,1,0,06 臺中市,2 技職
1019,高雄醫學大學,D 日,D 博士,33,24,26,23,35,21,27,34,27,17,21,23,15,16,0,0,50 高雄市,1 一般
1019,高雄醫學大學,D 日,M 碩士,98,153,75,157,36,58,11,21,0,0,0,0,0,0,0,1,50 高雄市,1 一般
1019,高雄醫學大學,D 日,B 學士,561,722,552,691,489,674,482,662,157,133,166,73,106,61,67,43,50 高雄市,1 一般
1019,高雄醫學大學,D 日,X 4+X,8,12,0,0,0,0,0,0,0,0,0,0,0,0,0,0,50 高雄市,1 一般
1019,高雄醫學大學,N 職,M 碩士,37,57,39,59,10,4,4,5,3,2,0,0,0,0,0,0,50 高雄市,1 一般
1019,高雄醫學大學,N 修,C 二技,0,0,0,0,6,39,7,56,2,38,0,0,0,0,0,2,50 高雄市,2 技職
1020,南華大學,D 日,D 博士,3,2,3,2,5,0,4,1,1,2,0,0,1,0,0,0,10 嘉義縣,1 一般
1020,南華大學,D 日,M 碩士,97,148,86,137,60,62,46,54,0,0,0,0,0,0,1,0,10 嘉義縣,1 一般
1020,南華大學,D 日,B 學士,543,638,446,480,436,413,415,372,0,0,0,0,0,0,129,54,10 嘉義縣,1 一般
1020,南華大學,N 職,M 碩士,62,100,75,102,31,46,21,22,15,14,0,0,0,0,0,0,10 嘉義縣,1 一般
1020,南華大學,P 進,B 學士,75,46,28,13,2,0,1,0,0,0,0,0,0,0,5,3,10 嘉義縣,1 一般
1021,真理大學,D 日,M 碩士,32,20,34,26,17,10,3,5,0,0,0,0,0,0,0,0,01 新北市,1 一般
1021,真理大學,D 日,B 學士,914,1136,939,971,856,1031,827,955,0,0,0,0,0,0,271,133,01 新北市,1 一般
1021,真理大學,N 職,M 碩士,4,3,1,0,0,1,0,0,0,0,0,0,0,0,0,0,01 新北市,1 一般
1021,真理大學,P 進,B 學士,46,39,64,52,95,106,93,105,0,0,0,0,0,0,38,40,01 新北市,1 一般
1022,大同大學,D 日,D 博士,15,7,14,11,15,10,19,8,20,5,13,3,9,1,0,0,30 臺北市,1 一般
1022,大同大學,D 日,M 碩士,134,56,137,46,39,6,18,4,0,0,0,0,0,0,0,0,30 臺北市,1 一般
1022,大同大學,D 日,B 學士,620,290,581,319,559,326,519,318,0,0,0,0,0,0,131,20,30 臺北市,1 一般
1022,大同大學,N 職,M 碩士,91,38,81,34,85,18,41,11,31,7,0,0,0,0,0,0,30 臺北市,1 一般
1023,南臺科技大學,D 日,D 博士,18,1,15,3,7,1,6,1,6,0,1,0,2,0,0,0,11 臺南市,2 技職
1023,南臺科技大學,D 日,M 碩士,242,145,240,116,132,55,48,32,0,0,0,0,0,0,1,2,11 臺南市,2 技職
1023,南臺科技大學,D 日,B 四技,1783,1491,1713,1485,1635,1428,1629,1498,0,0,0,0,0,0,277,191,11 臺南市,2 技職
1023,南臺科技大學,D 日,C 二技,0,0,0,0,31,80,15,25,0,0,0,0,0,0,0,0,11 臺南市,2 技職
1023,南臺科技大學,N 職,M 碩士,93,95,74,57,49,28,17,20,15,12,8,6,0,0,0,0,11 臺南市,2 技職
1023,南臺科技大學,N 修,B 四技,618,480,511,418,511,477,523,496,0,0,0,0,0,0,196,142,11 臺南市,2 技職
1023,南臺科技大學,N 修,C 二技,0,0,0,0,68,62,41,55,0,0,0,0,0,0,4,11,11 臺南市,2 技職
1024,崑山科技大學,D 日,D 博士,7,1,5,2,6,0,5,0,4,0,3,0,0,0,0,0,11 臺南市,2 技職
1024,崑山科技大學,D 日,M 碩士,132,46,163,36,36,22,21,7,0,0,0,0,0,0,0,0,11 臺南市,2 技職
1024,崑山科技大學,D 日,B 四技,1367,937,1246,875,1171,784,1169,810,0,0,0,0,0,0,178,117,11 臺南市,2 技職
1024,崑山科技大學,D 日,C 二技,0,0,0,0,3,3,2,1,0,0,0,0,0,0,0,0,11 臺南市,2 技職
1024,崑山科技大學,D 日,X 4+X,0,0,0,0,0,0,0,0,0,0,0,0,0,0,4,2,11 臺南市,2 技職
1024,崑山科技大學,N 職,M 碩士,67,20,55,22,12,1,12,1,0,0,0,0,0,0,0,0,11 臺南市,2 技職
1024,崑山科技大學,N 修,B 四技,505,343,433,242,403,222,465,263,0,0,0,0,0,0,129,45,11 臺南市,2 技職
1024,崑山科技大學,N 修,C 二技,0,0,0,0,104,48,125,55,0,0,0,0,0,0,2,0,11 臺南市,2 技職
1025,嘉南藥理大學,D 日,M 碩士,78,82,62,69,21,12,2,3,0,0,0,0,0,0,0,0,11 臺南市,2 技職
1025,嘉南藥理大學,D 日,B 四技,1306,1988,1287,1925,1269,1845,1153,1787,0,0,0,0,0,0,141,103,11 臺南市,2 技職
1025,嘉南藥理大學,D 日,C 二技,0,0,0,0,23,127,21,141,0,0,0,0,0,0,1,2,11 臺南市,2 技職
1025,嘉南藥理大學,N 職,M 碩士,33,62,35,50,5,6,3,1,0,0,0,0,0,0,1,1,11 臺南市,2 技職
1025,嘉南藥理大學,N 修,B 四技,461,432,345,327,391,377,351,365,0,0,0,0,0,0,80,59,11 臺南市,2 技職
1025,嘉南藥理大學,N 修,C 二技,0,0,0,0,32,61,25,63,0,0,0,0,0,0,4,2,11 臺南市,2 技職
1026,樹德科技大學,D 日,D 博士,3,4,3,0,0,2,0,0,0,0,0,0,0,0,5,6,12 高雄市,2 技職
1026,樹德科技大學,D 日,M 碩士,55,67,66,65,0,0,0,0,0,0,0,0,0,0,59,65,12 高雄市,2 技職
1026,樹德科技大學,D 日,B 四技,849,1163,858,1201,800,1137,788,1017,0,0,0,0,0,0,250,175,12 高雄市,2 技職
1026,樹德科技大學,D 日,C 二技,0,0,0,0,1,2,1,0,0,0,0,0,0,0,0,0,12 高雄市,2 技職
1026,樹德科技大學,N 職,M 碩士,83,96,82,80,5,6,0,0,0,0,0,0,0,0,84,61,12 高雄市,2 技職
1026,樹德科技大學,N 修,B 四技,301,249,190,162,220,195,239,233,0,0,0,0,0,0,123,67,12 高雄市,2 技職
1026,樹德科技大學,N 修,C 二技,0,0,0,0,37,113,32,97,0,0,0,0,0,0,0,3,12 高雄市,2 技職
1027,慈濟大學,D 日,D 博士,12,15,10,6,5,5,6,4,8,8,7,8,6,2,0,0,15 花蓮縣,1 一般
1027,慈濟大學,D 日,M 碩士,54,59,30,59,23,50,18,37,0,0,0,0,0,0,0,0,15 花蓮縣,1 一般
1027,慈濟大學,D 日,B 學士,230,420,273,427,244,392,205,377,31,21,39,15,40,17,54,73,15 花蓮縣,1 一般
1027,慈濟大學,N 職,M 碩士,4,12,0,9,3,8,2,1,1,0,0,0,0,0,0,0,15 花蓮縣,1 一般
1028,臺北醫學大學,D 日,D 博士,38,40,40,30,42,23,31,26,29,31,26,11,24,11,0,0,30 臺北市,1 一般
1028,臺北醫學大學,D 日,M 碩士,104,148,136,151,33,30,11,25,0,0,0,0,0,0,0,0,30 臺北市,1 一般
1028,臺北醫學大學,D 日,B 學士,396,560,404,530,352,613,390,517,132,118,187,74,94,67,42,68,30 臺北市,1 一般
1028,臺北醫學大學,N 職,M 碩士,11,56,20,55,10,26,3,43,0,0,0,0,0,0,0,0,30 臺北市,1 一般
1028,臺北醫學大學,N 修,C 二技,0,0,0,0,0,0,1,50,4,61,0,0,0,0,0,5,30 臺北市,2 技職
1029,中山醫學大學,D 日,D 博士,33,16,29,10,19,11,28,6,22,11,11,7,14,10,0,0,19 臺中市,1 一般
1029,中山醫學大學,D 日,M 碩士,88,124,89,121,28,28,14,18,0,0,0,0,0,0,0,0,19 臺中市,1 一般
1029,中山醫學大學,D 日,B 學士,591,856,542,874,579,831,530,816,152,80,143,81,89,50,83,96,19 臺中市,1 一般
1029,中山醫學大學,D 日,X 4+X,0,0,10,4,10,5,0,0,0,0,0,0,0,0,1,0,19 臺中市,1 一般
1029,中山醫學大學,N 職,M 碩士,21,31,17,21,5,18,2,1,0,1,0,0,0,0,0,0,19 臺中市,1 一般
1029,中山醫學大學,N 修,C 二技,0,0,0,0,20,25,12,9,0,0,0,0,0,0,0,0,19 臺中市,2 技職
1029,中山醫學大學,P 進,B 學士,12,13,11,19,32,50,28,48,0,0,0,0,0,0,4,6,19 臺中市,1 一般
1030,龍華科技大學,D 日,M 碩士,135,41,100,33,33,3,7,3,0,0,0,0,0,0,0,0,03 桃園縣,2 技職
1030,龍華科技大學,D 日,B 四技,1069,609,1014,648,988,609,972,529,0,0,0,0,0,0,184,80,03 桃園縣,2 技職
1030,龍華科技大學,D 日,C 二技,0,0,0,0,5,3,1,1,0,0,0,0,0,0,0,0,03 桃園縣,2 技職
1030,龍華科技大學,D 日,2 二專,10,5,17,10,0,0,0,0,0,0,0,0,0,0,7,0,03 桃園縣,2 技職
1030,龍華科技大學,N 職,M 碩士,24,8,30,2,8,0,9,4,0,0,0,0,0,0,0,0,03 桃園縣,2 技職
1030,龍華科技大學,N 修,B 四技,806,301,587,251,582,311,572,202,0,0,0,0,0,0,154,43,03 桃園縣,2 技職
1030,龍華科技大學,N 修,C 二技,0,0,0,0,59,33,70,65,0,0,0,0,0,0,11,6,03 桃園縣,2 技職
1031,輔英科技大學,D 日,M 碩士,22,25,11,21,8,17,6,12,0,0,0,0,0,0,0,6,12 高雄市,2 技職
1031,輔英科技大學,D 日,B 四技,420,571,410,568,419,564,420,527,0,0,0,0,0,0,121,113,12 高雄市,2 技職
1031,輔英科技大學,D 日,C 二技,0,0,0,0,62,550,80,502,0,0,0,0,0,0,4,11,12 高雄市,2 技職
1031,輔英科技大學,D 日,5 五專,59,504,50,509,60,552,51,589,62,557,0,0,0,0,12,53,12 高雄市,2 技職
1031,輔英科技大學,N 職,M 碩士,2,15,0,14,0,2,0,8,0,0,0,0,0,0,0,5,12 高雄市,2 技職
1031,輔英科技大學,N 修,B 四技,97,61,52,31,80,69,108,72,0,0,0,0,0,0,58,11,12 高雄市,2 技職
1031,輔英科技大學,N 修,C 二技,0,0,0,0,54,219,41,175,24,19,0,0,0,0,5,16,12 高雄市,2 技職
1032,明新科技大學,D 日,M 碩士,96,34,91,40,63,17,20,3,0,0,0,0,0,0,0,0,04 新竹縣,2 技職
1032,明新科技大學,D 日,B 四技,1264,875,1279,928,1201,907,1126,880,0,0,0,0,0,0,224,104,04 新竹縣,2 技職
1032,明新科技大學,D 日,2 二專,4,6,7,5,0,0,0,0,0,0,0,0,0,0,0,0,04 新竹縣,2 技職
1032,明新科技大學,N 職,M 碩士,67,15,61,21,22,13,19,4,0,0,0,0,0,0,13,1,04 新竹縣,2 技職
1032,明新科技大學,N 修,B 四技,619,383,503,327,469,402,457,349,0,0,0,0,0,0,230,110,04 新竹縣,2 技職
1032,明新科技大學,N 修,C 二技,0,0,0,0,5,55,7,14,0,0,0,0,0,0,1,4,04 新竹縣,2 技職
1032,明新科技大學,N 修,2 二專,13,42,0,26,0,25,0,0,0,0,0,0,0,0,8,8,04 新竹縣,2 技職
1033,長榮大學,D 日,D 博士,5,3,4,3,4,4,1,1,0,6,2,2,3,0,0,0,11 臺南市,1 一般
1033,長榮大學,D 日,M 碩士,66,103,78,78,56,50,25,38,0,0,0,0,0,0,1,5,11 臺南市,1 一般
1033,長榮大學,D 日,B 學士,1036,1236,1092,1171,999,1131,907,1126,0,0,0,0,0,0,296,106,11 臺南市,1 一般
1033,長榮大學,N 職,M 碩士,37,24,34,22,18,16,10,9,9,11,0,0,0,0,0,0,11 臺南市,1 一般
1033,長榮大學,N 修,C 二技,0,0,0,0,0,0,0,0,0,0,0,0,0,0,0,1,11 臺南市,2 技職
1033,長榮大學,P 進,B 學士,195,163,59,31,57,32,57,38,0,0,0,0,0,0,11,2,11 臺南市,1 一般
1034,弘光科技大學,D 日,M 碩士,26,54,27,36,16,36,3,7,0,0,0,0,0,0,0,0,06 臺中市,2 技職
1034,弘光科技大學,D 日,B 四技,668,1136,673,1113,638,1100,579,1063,0,0,0,0,0,0,128,142,06 臺中市,2 技職
1034,弘光科技大學,D 日,C 二技,0,0,0,0,13,344,9,333,0,0,0,0,0,0,0,2,06 臺中市,2 技職
1034,弘光科技大學,D 日,5 五專,3,48,2,50,4,50,4,47,0,50,0,0,0,0,0,15,06 臺中市,2 技職
1034,弘光科技大學,N 職,M 碩士,11,18,10,25,5,21,3,5,0,0,0,0,0,0,0,1,06 臺中市,2 技職
1034,弘光科技大學,N 修,B 四技,352,439,347,442,324,463,280,434,0,0,0,0,0,0,94,115,06 臺中市,2 技職
1034,弘光科技大學,N 修,C 二技,0,0,0,0,16,358,14,294,12,309,0,0,0,0,0,3,06 臺中市,2 技職
1034,弘光科技大學,N 修,2 二專,13,9,0,0,0,0,0,0,0,0,0,0,0,0,0,0,06 臺中市,2 技職
1035,中國醫藥大學,D 日,D 博士,37,34,43,21,42,28,38,17,20,17,17,6,7,10,0,0,19 臺中市,1 一般
1035,中國醫藥大學,D 日,M 碩士,88,152,94,120,22,26,10,5,0,0,0,0,0,0,0,0,19 臺中市,1 一般
1035,中國醫藥大學,D 日,B 學士,572,672,551,741,539,736,531,706,334,277,194,111,184,103,54,50,19 臺中市,1 一般
1035,中國醫藥大學,N 職,M 碩士,13,22,9,24,2,5,1,1,0,0,0,0,0,0,0,0,19 臺中市,1 一般
1035,中國醫藥大學,N 修,C 二技,0,0,0,0,6,22,8,14,9,24,0,0,0,0,0,1,19 臺中市,2 技職
1036,健行科技大學,D 日,M 碩士,102,50,85,27,0,0,0,0,0,0,0,0,0,0,71,13,03 桃園縣,2 技職
1036,健行科技大學,D 日,B 四技,1396,707,1200,638,1205,775,1249,725,0,0,0,0,0,0,281,104,03 桃園縣,2 技職
1036,健行科技大學,D 日,C 二技,0,0,0,0,41,35,33,22,0,0,0,0,0,0,6,3,03 桃園縣,2 技職
1036,健行科技大學,D 日,2 二專,36,20,63,18,0,0,0,0,0,0,0,0,0,0,3,0,03 桃園縣,2 技職
1036,健行科技大學,N 職,M 碩士,18,55,26,31,0,0,0,0,0,0,0,0,0,0,16,3,03 桃園縣,2 技職
1036,健行科技大學,N 修,B 四技,504,321,418,289,582,331,540,316,0,0,0,0,0,0,121,44,03 桃園縣,2 技職
1036,健行科技大學,N 修,C 二技,0,0,0,0,26,20,37,19,0,0,0,0,0,0,3,1,03 桃園縣,2 技職
1037,正修科技大學,D 日,D 博士,1,1,2,0,3,0,2,0,1,0,0,0,1,0,0,0,12 高雄市,2 技職
1037,正修科技大學,D 日,M 碩士,105,65,83,34,33,5,13,2,0,0,0,0,0,0,0,0,12 高雄市,2 技職
1037,正修科技大學,D 日,B 四技,1537,1141,1459,1083,1367,994,1349,885,0,0,0,0,0,0,153,44,12 高雄市,2 技職
1037,正修科技大學,D 日,C 二技,0,0,0,0,0,0,15,4,0,0,0,0,0,0,0,0,12 高雄市,2 技職
1037,正修科技大學,D 日,2 二專,0,0,8,6,0,0,0,0,0,0,0,0,0,0,1,1,12 高雄市,2 技職
1037,正修科技大學,D 日,5 五專,0,0,0,0,0,0,13,0,0,0,0,0,0,0,2,0,12 高雄市,2 技職
1037,正修科技大學,N 職,M 碩士,25,21,28,18,5,1,1,2,0,0,0,0,0,0,0,0,12 高雄市,2 技職
1037,正修科技大學,N 修,B 四技,941,563,872,544,852,583,809,591,0,0,0,0,0,0,251,103,12 高雄市,2 技職
1037,正修科技大學,N 修,C 二技,0,0,0,0,216,268,208,180,0,0,0,0,0,0,10,4,12 高雄市,2 技職
1037,正修科技大學,N 修,2 二專,0,0,6,3,0,0,0,0,0,0,0,0,0,0,0,0,12 高雄市,2 技職
1038,萬能科技大學,D 日,M 碩士,32,29,26,19,23,5,12,1,0,0,0,0,0,0,0,0,03 桃園縣,2 技職
1038,萬能科技大學,D 日,B 四技,888,848,918,898,847,649,697,512,0,0,0,0,0,0,84,19,03 桃園縣,2 技職
1038,萬能科技大學,D 日,C 二技,0,0,0,0,17,46,21,30,0,0,0,0,0,0,0,0,03 桃園縣,2 技職
1038,萬能科技大學,N 職,M 碩士,33,48,26,18,2,1,8,0,0,0,0,0,0,0,0,0,03 桃園縣,2 技職
1038,萬能科技大學,N 修,B 四技,532,383,462,360,500,386,594,468,0,0,0,0,0,0,123,39,03 桃園縣,2 技職
1038,萬能科技大學,N 修,C 二技,0,0,0,0,83,140,28,61,0,0,0,0,0,0,0,2,03 桃園縣,2 技職
1039,玄奘大學,D 日,D 博士,0,0,0,0,2,1,2,2,0,0,0,0,0,0,3,6,18 新竹市,1 一般
1039,玄奘大學,D 日,M 碩士,45,54,52,56,41,50,0,0,0,0,0,0,0,0,36,42,18 新竹市,1 一般
1039,玄奘大學,D 日,B 學士,453,570,481,586,462,551,445,483,0,0,0,0,0,0,93,59,18 新竹市,1 一般
1039,玄奘大學,N 職,M 碩士,20,32,14,51,17,34,0,0,0,0,0,0,0,0,28,36,18 新竹市,1 一般
1039,玄奘大學,N 修,C 二技,0,0,0,0,4,29,6,23,0,0,0,0,0,0,0,0,18 新竹市,2 技職
1039,玄奘大學,P 進,B 學士,215,219,108,123,124,97,150,133,0,0,0,0,0,0,47,53,18 新竹市,1 一般
1040,建國科技大學,D 日,M 碩士,66,39,53,22,19,5,6,0,0,0,0,0,0,0,0,0,07 彰化縣,2 技職
1040,建國科技大學,D 日,B 四技,1168,710,1183,657,1074,648,1091,652,0,0,0,0,0,0,134,63,07 彰化縣,2 技職
1040,建國科技大學,D 日,C 二技,0,0,0,0,11,4,6,6,0,0,0,0,0,0,0,0,07 彰化縣,2 技職
1040,建國科技大學,D 日,2 二專,0,0,21,13,0,0,0,0,0,0,0,0,0,0,2,0,07 彰化縣,2 技職
1040,建國科技大學,N 修,B 四技,283,128,244,96,234,132,207,135,0,0,0,0,0,0,47,17,07 彰化縣,2 技職
1040,建國科技大學,N 修,C 二技,0,0,0,0,92,45,92,61,0,0,0,0,0,0,3,0,07 彰化縣,2 技職
1040,建國科技大學,N 修,2 二專,0,0,0,0,0,0,0,0,0,0,0,0,0,0,5,0,07 彰化縣,2 技職
1041,明志科技大學,D 日,M 碩士,129,32,118,24,79,4,27,2,0,0,0,0,0,0,0,0,01 新北市,2 技職
1041,明志科技大學,D 日,B 四技,619,274,600,295,528,292,531,263,0,0,0,0,0,0,55,8,01 新北市,2 技職
1041,明志科技大學,D 日,5 五專,0,0,0,0,0,0,7,7,14,11,0,0,0,0,0,0,01 新北市,2 技職
1041,明志科技大學,N 職,M 碩士,12,3,11,2,10,2,4,0,2,0,0,0,0,0,0,0,01 新北市,2 技職
1041,明志科技大學,N 修,B 四技,109,46,71,40,59,29,55,35,0,0,0,0,0,0,6,1,01 新北市,2 技職
1041,明志科技大學,N 修,C 二技,0,0,0,0,3,19,12,5,0,0,0,0,0,0,5,3,01 新北市,2 技職
1041,明志科技大學,N 修,2 二專,0,0,0,0,0,1,0,0,0,0,0,0,0,0,0,1,01 新北市,2 技職
1042,高苑科技大學,D 日,M 碩士,41,12,43,12,14,3,4,2,0,0,0,0,0,0,0,0,12 高雄市,2 技職
1042,高苑科技大學,D 日,B 四技,986,486,976,435,823,424,1009,439,0,0,0,0,0,0,145,45,12 高雄市,2 技職
1042,高苑科技大學,D 日,C 二技,0,0,0,0,2,0,32,20,0,0,0,0,0,0,4,0,12 高雄市,2 技職
1042,高苑科技大學,D 日,2 二專,3,3,4,2,0,0,0,0,0,0,0,0,0,0,0,0,12 高雄市,2 技職
1042,高苑科技大學,N 職,M 碩士,83,57,52,71,15,3,6,0,1,0,1,0,0,0,0,0,12 高雄市,2 技職
1042,高苑科技大學,N 修,B 四技,294,132,225,76,232,108,225,84,0,0,0,0,0,0,78,9,12 高雄市,2 技職
1042,高苑科技大學,N 修,C 二技,0,0,0,0,0,0,0,0,0,0,0,0,0,0,2,0,12 高雄市,2 技職
1043,大仁科技大學,D 日,M 碩士,14,10,23,17,0,0,1,0,0,0,0,0,0,0,0,0,13 屏東縣,2 技職
1043,大仁科技大學,D 日,B 四技,638,656,634,679,680,621,643,618,90,112,0,0,0,0,90,63,13 屏東縣,2 技職
1043,大仁科技大學,D 日,C 二技,0,0,0,0,7,35,29,41,0,0,0,0,0,0,3,4,13 屏東縣,2 技職
1043,大仁科技大學,D 日,5 五專,0,0,0,0,0,0,0,0,0,0,0,0,0,0,0,3,13 屏東縣,2 技職
1043,大仁科技大學,N 職,M 碩士,45,64,17,8,3,0,1,6,0,1,0,0,0,0,0,0,13 屏東縣,2 技職
1043,大仁科技大學,N 修,B 四技,130,108,116,96,142,114,133,123,0,0,0,0,0,0,37,21,13 屏東縣,2 技職
1043,大仁科技大學,N 修,C 二技,0,0,0,0,73,382,63,248,8,100,0,0,0,0,2,5,13 屏東縣,2 技職
1044,聖約翰科技大學,D 日,M 碩士,45,5,59,0,43,2,26,1,0,0,0,0,0,0,0,0,01 新北市,2 技職
1044,聖約翰科技大學,D 日,B 四技,795,358,829,323,883,342,953,385,0,0,0,0,0,0,241,61,01 新北市,2 技職
1044,聖約翰科技大學,D 日,C 二技,0,0,0,0,0,0,1,2,0,0,0,0,0,0,0,0,01 新北市,2 技職
1044,聖約翰科技大學,N 職,M 碩士,19,14,27,13,5,1,11,0,0,0,0,0,0,0,0,0,01 新北市,2 技職
1044,聖約翰科技大學,N 修,B 四技,52,31,42,28,71,55,90,42,0,0,0,0,0,0,48,22,01 新北市,2 技職
1045,嶺東科技大學,D 日,M 碩士,53,50,35,40,20,18,11,4,0,0,0,0,0,0,0,0,19 臺中市,2 技職
1045,嶺東科技大學,D 日,B 四技,699,1227,660,1185,673,1171,698,1154,0,0,0,0,0,0,95,72,19 臺中市,2 技職
1045,嶺東科技大學,D 日,C 二技,0,0,0,0,1,3,2,0,0,0,0,0,0,0,0,0,19 臺中市,2 技職
1045,嶺東科技大學,D 日,2 二專,12,12,9,13,0,0,0,0,0,0,0,0,0,0,0,0,19 臺中市,2 技職
1045,嶺東科技大學,N 職,M 碩士,41,13,19,22,2,5,4,0,0,0,0,0,0,0,0,0,19 臺中市,2 技職
1045,嶺東科技大學,N 修,B 四技,349,283,301,268,293,288,264,307,0,0,0,0,0,0,110,98,19 臺中市,2 技職
1046,中國科技大學,D 日,M 碩士,42,31,29,23,11,4,4,0,0,0,0,0,0,0,0,0,30 臺北市,2 技職
1046,中國科技大學,D 日,B 四技,1026,1594,908,1462,861,1307,744,1143,0,0,0,0,0,0,118,78,30 臺北市,2 技職
1046,中國科技大學,D 日,C 二技,0,0,0,0,1,1,3,2,0,0,0,0,0,0,0,0,30 臺北市,2 技職
1046,中國科技大學,N 職,M 碩士,14,15,2,4,0,0,0,0,0,0,0,0,0,0,0,0,30 臺北市,2 技職
1046,中國科技大學,N 修,B 四技,307,283,299,286,293,325,308,278,0,0,0,0,0,0,143,81,30 臺北市,2 技職
1046,中國科技大學,N 修,C 二技,0,0,0,0,0,0,9,19,0,0,0,0,0,0,0,4,30 臺北市,2 技職
1047,中臺科技大學,D 日,D 博士,2,1,4,0,2,0,3,0,2,1,3,0,1,1,0,0,19 臺中市,2 技職
1047,中臺科技大學,D 日,M 碩士,27,34,26,47,0,0,0,0,0,0,0,0,0,0,18,25,19 臺中市,2 技職
1047,中臺科技大學,D 日,B 四技,543,878,518,871,507,878,491,827,0,0,0,0,0,0,166,152,19 臺中市,2 技職
1047,中臺科技大學,D 日,C 二技,0,0,0,0,45,230,47,187,0,0,0,0,0,0,0,5,19 臺中市,2 技職
1047,中臺科技大學,N 職,M 碩士,9,69,18,71,0,0,0,0,0,0,0,0,0,0,19,63,19 臺中市,2 技職
1047,中臺科技大學,N 修,B 四技,175,259,145,232,169,250,135,231,13,52,0,0,0,0,66,37,19 臺中市,2 技職
1047,中臺科技大學,N 修,C 二技,0,0,0,0,77,394,53,268,60,368,0,0,0,0,7,16,19 臺中市,2 技職
1048,亞洲大學,D 日,D 博士,27,14,16,14,21,10,16,8,8,9,9,3,5,4,0,0,06 臺中市,1 一般
1048,亞洲大學,D 日,M 碩士,123,139,115,88,65,37,32,26,0,0,0,0,0,0,0,0,06 臺中市,1 一般
1048,亞洲大學,D 日,B 學士,939,1434,979,1357,976,1347,934,1226,0,0,0,0,0,0,278,132,06 臺中市,1 一般
1048,亞洲大學,N 職,M 碩士,98,173,69,147,16,13,4,6,0,0,0,0,0,0,0,0,06 臺中市,1 一般
1048,亞洲大學,P 進,B 學士,176,187,166,135,183,142,126,142,0,0,0,0,0,0,53,44,06 臺中市,1 一般
1049,開南大學,D 日,M 碩士,62,38,62,35,37,23,19,22,0,0,0,0,0,0,0,0,03 桃園縣,1 一般
1049,開南大學,D 日,B 學士,829,892,895,848,1005,1004,867,877,0,0,0,0,0,0,342,199,03 桃園縣,1 一般
1049,開南大學,N 職,M 碩士,83,85,75,68,18,3,10,5,0,0,0,0,0,0,15,5,03 桃園縣,1 一般
1049,開南大學,P 進,B 學士,185,159,167,154,168,127,125,142,0,0,0,0,0,0,51,41,03 桃園縣,1 一般
1050,佛光大學,D 日,D 博士,9,3,3,6,3,7,3,1,4,2,2,1,2,1,0,0,02 宜蘭縣,1 一般
1050,佛光大學,D 日,M 碩士,110,122,68,99,47,67,81,59,0,0,0,0,0,0,3,3,02 宜蘭縣,1 一般
1050,佛光大學,D 日,B 學士,353,470,331,399,270,355,278,258,0,0,0,0,0,0,55,34,02 宜蘭縣,1 一般
1050,佛光大學,N 職,M 碩士,51,50,53,22,18,11,13,6,0,0,0,0,0,0,14,5,02 宜蘭縣,1 一般
1051,台南應用科技大學,D 日,M 碩士,12,53,15,28,0,0,0,0,0,0,0,0,0,0,7,39,11 臺南市,2 技職
1051,台南應用科技大學,D 日,B 四技,558,1522,511,1466,512,1373,480,1322,0,0,0,0,0,0,87,80,11 臺南市,2 技職
1051,台南應用科技大學,D 日,C 二技,0,0,0,0,45,263,54,284,0,0,0,0,0,0,1,29,11 臺南市,2 技職
1051,台南應用科技大學,D 日,5 五專,51,203,64,178,72,173,34,199,51,184,0,0,0,0,0,2,11 臺南市,2 技職
1051,台南應用科技大學,N 職,M 碩士,10,59,14,38,1,5,0,0,0,0,0,0,0,0,12,20,11 臺南市,2 技職
1051,台南應用科技大學,N 修,B 四技,230,389,207,391,194,379,204,338,0,0,0,0,0,0,60,73,11 臺南市,2 技職
1051,台南應用科技大學,N 修,C 二技,0,0,0,0,20,76,20,93,4,23,0,0,0,0,6,17,11 臺南市,2 技職
1052,遠東科技大學,D 日,M 碩士,47,16,52,12,29,3,16,4,0,0,0,0,0,0,0,0,11 臺南市,2 技職
1052,遠東科技大學,D 日,B 四技,1119,716,1210,654,1251,632,1367,691,0,0,0,0,0,0,165,53,11 臺南市,2 技職
1052,遠東科技大學,D 日,C 二技,0,0,0,0,0,2,4,4,0,0,0,0,0,0,1,1,11 臺南市,2 技職
1052,遠東科技大學,N 職,M 碩士,9,2,13,1,11,1,6,0,2,0,0,0,0,0,0,0,11 臺南市,2 技職
1052,遠東科技大學,N 修,B 四技,101,55,81,40,107,41,120,43,0,0,0,0,0,0,15,1,11 臺南市,2 技職
1052,遠東科技大學,N 修,C 二技,0,0,0,0,36,0,26,5,0,0,0,0,0,0,0,0,11 臺南市,2 技職
1052,遠東科技大學,N 修,2 二專,20,1,20,1,0,0,0,0,0,0,0,0,0,0,3,0,11 臺南市,2 技職
1053,元培醫事科技大學,D 日,M 碩士,51,48,47,35,19,11,7,4,0,0,0,0,0,0,0,0,18 新竹市,2 技職
1053,元培醫事科技大學,D 日,B 四技,684,733,633,674,624,676,658,681,0,0,0,0,0,0,239,74,18 新竹市,2 技職
1053,元培醫事科技大學,D 日,C 二技,0,0,0,0,4,46,1,5,0,0,0,0,0,0,0,1,18 新竹市,2 技職
1053,元培醫事科技大學,N 職,M 碩士,2,6,1,5,5,3,0,0,1,3,0,0,0,0,0,0,18 新竹市,2 技職
1053,元培醫事科技大學,N 修,B 四技,97,74,64,54,81,74,122,75,0,0,0,0,0,0,69,30,18 新竹市,2 技職
1053,元培醫事科技大學,N 修,C 二技,0,0,0,0,52,193,89,194,9,115,0,0,0,0,0,8,18 新竹市,2 技職
1054,景文科技大學,D 日,M 碩士,14,3,13,6,5,6,1,2,0,0,0,0,0,0,0,0,01 新北市,2 技職
1054,景文科技大學,D 日,B 四技,621,846,590,743,549,833,566,743,0,0,0,0,0,0,218,205,01 新北市,2 技職
1054,景文科技大學,D 日,C 二技,0,0,0,0,5,3,0,1,0,0,0,0,0,0,0,0,01 新北市,2 技職
1054,景文科技大學,N 職,M 碩士,29,15,26,17,7,0,1,0,0,0,0,0,0,0,0,0,01 新北市,2 技職
1054,景文科技大學,N 修,B 四技,212,218,178,207,209,210,210,225,0,0,0,0,0,0,74,39,01 新北市,2 技職
1054,景文科技大學,N 修,C 二技,0,0,0,0,102,145,98,147,0,0,0,0,0,0,10,9,01 新北市,2 技職
1054,景文科技大學,N 修,2 二專,0,0,0,0,0,0,0,0,0,0,0,0,0,0,2,0,01 新北市,2 技職
1055,中華醫事科技大學,D 日,M 碩士,13,7,9,3,0,0,0,0,0,0,0,0,0,0,10,4,11 臺南市,2 技職
1055,中華醫事科技大學,D 日,B 四技,534,643,460,604,467,606,430,531,0,0,0,0,0,0,81,33,11 臺南市,2 技職
1055,中華醫事科技大學,D 日,C 二技,0,0,0,0,46,309,67,331,0,0,0,0,0,0,1,10,11 臺南市,2 技職
1055,中華醫事科技大學,D 日,2 二專,24,18,19,13,0,0,0,0,0,0,0,0,0,0,3,2,11 臺南市,2 技職
1055,中華醫事科技大學,D 日,5 五專,76,326,103,338,63,328,59,315,46,322,0,0,0,0,5,21,11 臺南市,2 技職
1055,中華醫事科技大學,N 修,B 四技,132,157,83,125,160,156,135,142,3,23,0,0,0,0,45,14,11 臺南市,2 技職
1055,中華醫事科技大學,N 修,C 二技,0,0,0,0,71,286,50,255,0,0,0,0,0,0,7,24,11 臺南市,2 技職
1056,東南科技大學,D 日,M 碩士,47,8,47,5,13,1,5,1,0,0,0,0,0,0,0,0,01 新北市,2 技職
1056,東南科技大學,D 日,B 四技,1123,655,1167,612,1047,506,965,362,0,0,0,0,0,0,195,37,01 新北市,2 技職
1056,東南科技大學,D 日,C 二技,0,0,0,0,13,5,11,4,0,0,0,0,0,0,0,0,01 新北市,2 技職
1056,東南科技大學,D 日,2 二專,13,13,13,7,0,0,0,0,0,0,0,0,0,0,1,1,01 新北市,2 技職
1056,東南科技大學,N 職,M 碩士,26,2,32,0,0,0,0,0,0,0,0,0,0,0,8,0,01 新北市,2 技職
1056,東南科技大學,N 修,B 四技,134,52,60,23,74,34,62,32,0,0,0,0,0,0,15,6,01 新北市,2 技職
1056,東南科技大學,N 修,C 二技,0,0,0,0,42,13,50,10,0,0,0,0,0,0,0,0,01 新北市,2 技職
1057,德明財經科技大學,D 日,M 碩士,13,11,14,4,10,1,4,1,0,0,0,0,0,0,0,0,30 臺北市,2 技職
1057,德明財經科技大學,D 日,B 四技,634,1214,588,1184,620,1190,517,1046,0,0,0,0,0,0,103,98,30 臺北市,2 技職
1057,德明財經科技大學,D 日,C 二技,0,0,0,0,15,35,0,0,0,0,0,0,0,0,0,0,30 臺北市,2 技職
1057,德明財經科技大學,D 日,2 二專,0,0,0,0,0,0,0,0,0,0,0,0,0,0,0,1,30 臺北市,2 技職
1057,德明財經科技大學,N 職,M 碩士,12,13,8,5,11,1,1,1,0,0,0,0,0,0,0,0,30 臺北市,2 技職
1057,德明財經科技大學,N 修,B 四技,185,187,158,174,186,231,203,267,0,0,0,0,0,0,81,47,30 臺北市,2 技職
1057,德明財經科技大學,N 修,C 二技,0,0,0,0,24,26,22,34,0,0,0,0,0,0,1,0,30 臺北市,2 技職
1058,明道大學,D 日,D 博士,4,1,3,0,0,0,0,0,0,0,0,0,0,0,0,0,07 彰化縣,1 一般
1058,明道大學,D 日,M 碩士,34,42,29,31,24,12,13,7,0,0,0,0,0,0,0,0,07 彰化縣,1 一般
1058,明道大學,D 日,B 學士,513,404,522,412,522,404,429,374,0,0,0,0,0,0,62,30,07 彰化縣,1 一般
1058,明道大學,N 職,M 碩士,15,29,11,11,2,1,1,1,0,0,0,0,0,0,0,0,07 彰化縣,1 一般
1058,明道大學,P 進,B 學士,304,178,220,133,248,153,227,182,0,0,0,0,0,0,69,18,07 彰化縣,1 一般
1059,康寧大學,D 日,M 碩士,41,56,34,46,9,6,7,1,0,0,0,0,0,0,1,0,21 臺南市,1 一般
1059,康寧大學,D 日,B 學士,150,147,184,149,192,140,84,78,0,0,0,0,0,0,27,15,21 臺南市,1 一般
1059,康寧大學,N 職,M 碩士,45,57,21,50,3,1,2,1,0,0,0,0,0,0,0,2,21 臺南市,1 一般
1059,康寧大學,P 進,B 學士,120,102,33,31,40,15,65,30,0,0,0,0,0,0,17,3,21 臺南市,1 一般
1060,南開科技大學,D 日,M 碩士,28,20,25,15,10,7,7,0,0,0,0,0,0,0,0,0,08 南投縣,2 技職
1060,南開科技大學,D 日,B 四技,600,321,618,351,606,288,484,207,0,0,0,0,0,0,105,20,08 南投縣,2 技職
1060,南開科技大學,D 日,C 二技,0,0,0,0,44,20,44,13,0,0,0,0,0,0,1,1,08 南投縣,2 技職
1060,南開科技大學,D 日,2 二專,6,1,5,6,0,0,0,0,0,0,0,0,0,0,0,0,08 南投縣,2 技職
1060,南開科技大學,D 日,5 五專,132,28,151,42,185,69,196,61,191,47,0,0,0,0,18,9,08 南投縣,2 技職
1060,南開科技大學,N 職,M 碩士,12,41,22,44,6,5,5,8,0,0,0,0,0,0,0,0,08 南投縣,2 技職
1060,南開科技大學,N 修,B 四技,213,113,147,82,210,88,218,97,0,0,0,0,0,0,39,14,08 南投縣,2 技職
1061,中華科技大學,D 日,M 碩士,97,33,87,45,12,8,9,4,0,0,0,0,0,0,0,0,30 臺北市,2 技職
1061,中華科技大學,D 日,B 四技,1038,579,1051,594,1016,553,1001,592,0,0,0,0,0,0,188,44,30 臺北市,2 技職
1061,中華科技大學,D 日,C 二技,0,0,0,0,0,14,4,22,0,0,0,0,0,0,0,1,30 臺北市,2 技職
1061,中華科技大學,N 職,M 碩士,49,14,34,14,6,1,4,0,3,0,2,1,0,0,0,0,30 臺北市,2 技職
1061,中華科技大學,N 修,B 四技,182,64,128,54,153,64,187,59,0,0,0,0,0,0,95,25,30 臺北市,2 技職
1061,中華科技大學,N 修,C 二技,0,0,0,0,106,101,87,77,0,0,0,0,0,0,3,3,30 臺北市,2 技職
1061,中華科技大學,N 修,2 二專,0,0,0,0,0,0,0,0,0,0,0,0,0,0,0,4,30 臺北市,2 技職
1062,僑光科技大學,D 日,M 碩士,20,19,26,11,0,0,0,0,0,0,0,0,0,0,5,2,19 臺中市,2 技職
1062,僑光科技大學,D 日,B 四技,561,1046,615,1002,629,879,568,807,0,0,0,0,0,0,87,54,19 臺中市,2 技職
1062,僑光科技大學,D 日,C 二技,0,0,0,0,10,11,1,10,0,0,0,0,0,0,0,0,19 臺中市,2 技職
1062,僑光科技大學,D 日,2 二專,27,27,48,30,0,0,0,0,0,0,0,0,0,0,4,1,19 臺中市,2 技職
1062,僑光科技大學,D 日,5 五專,0,0,0,0,0,0,46,101,89,206,0,0,0,0,11,10,19 臺中市,2 技職
1062,僑光科技大學,N 職,M 碩士,11,21,14,18,0,0,0,0,0,0,0,0,0,0,1,0,19 臺中市,2 技職
1062,僑光科技大學,N 修,B 四技,435,488,391,497,342,467,365,430,0,0,0,0,0,0,119,103,19 臺中市,2 技職
1062,僑光科技大學,N 修,C 二技,0,0,0,0,28,49,9,9,0,0,0,0,0,0,0,0,19 臺中市,2 技職
1062,僑光科技大學,N 修,2 二專,30,19,15,22,0,0,0,0,0,0,0,0,0,0,0,0,19 臺中市,2 技職
1063,育達科技大學,D 日,M 碩士,39,32,14,10,8,4,7,2,0,0,0,0,0,0,0,0,05 苗栗縣,2 技職
1063,育達科技大學,D 日,B 四技,482,539,423,450,468,501,531,496,0,0,0,0,0,0,123,77,05 苗栗縣,2 技職
1063,育達科技大學,D 日,C 二技,0,0,0,0,5,17,8,24,0,0,0,0,0,0,0,1,05 苗栗縣,2 技職
1063,育達科技大學,N 職,M 碩士,19,34,21,11,2,2,1,0,0,0,0,0,0,0,0,0,05 苗栗縣,2 技職
1063,育達科技大學,N 修,B 四技,178,175,178,93,159,117,181,143,0,0,0,0,0,0,52,27,05 苗栗縣,2 技職
1063,育達科技大學,N 修,C 二技,0,0,0,0,60,283,20,80,0,0,0,0,0,0,10,4,05 苗栗縣,2 技職
1064,美和科技大學,D 日,M 碩士,39,35,43,76,0,0,0,0,0,0,0,0,0,0,5,9,13 屏東縣,2 技職
1064,美和科技大學,D 日,B 四技,429,493,406,500,366,452,334,454,0,0,0,0,0,0,51,23,13 屏東縣,2 技職
1064,美和科技大學,D 日,C 二技,0,0,0,0,25,190,11,183,0,0,0,0,0,0,0,3,13 屏東縣,2 技職
1064,美和科技大學,D 日,5 五專,31,320,37,295,52,332,29,363,25,353,0,0,0,0,11,58,13 屏東縣,2 技職
1064,美和科技大學,N 職,M 碩士,10,24,11,17,0,0,0,0,0,0,0,0,0,0,6,10,13 屏東縣,2 技職
1064,美和科技大學,N 修,B 四技,151,141,111,120,90,114,110,127,0,0,0,0,0,0,25,20,13 屏東縣,2 技職
1064,美和科技大學,N 修,C 二技,0,0,0,0,68,424,53,341,24,32,0,0,0,0,8,6,13 屏東縣,2 技職
1064,美和科技大學,N 修,2 二專,8,4,4,5,0,0,0,0,0,0,0,0,0,0,0,0,13 屏東縣,2 技職
1065,吳鳳科技大學,D 日,M 碩士,8,6,6,1,0,0,0,0,0,0,0,0,0,0,9,0,10 嘉義縣,2 技職
1065,吳鳳科技大學,D 日,B 四技,745,336,733,342,718,362,691,294,0,0,0,0,0,0,88,19,10 嘉義縣,2 技職
1065,吳鳳科技大學,D 日,2 二專,0,0,6,6,0,0,0,0,0,0,0,0,0,0,2,0,10 嘉義縣,2 技職
1065,吳鳳科技大學,N 職,M 碩士,30,11,21,14,0,0,3,0,0,0,0,0,0,0,1,1,10 嘉義縣,2 技職
1065,吳鳳科技大學,N 修,B 四技,237,76,193,79,176,88,196,59,0,0,0,0,0,0,23,1,10 嘉義縣,2 技職
1065,吳鳳科技大學,N 修,C 二技,0,0,0,0,0,0,7,6,0,0,0,0,0,0,0,0,10 嘉義縣,2 技職
1065,吳鳳科技大學,N 修,2 二專,0,0,19,5,0,0,0,0,0,0,0,0,0,0,3,1,10 嘉義縣,2 技職
1066,環球科技大學,D 日,M 碩士,26,40,18,19,0,0,0,0,0,0,0,0,0,0,8,4,09 雲林縣,2 技職
1066,環球科技大學,D 日,B 四技,658,665,432,481,525,560,414,459,0,0,0,0,0,0,111,69,09 雲林縣,2 技職
1066,環球科技大學,D 日,C 二技,0,0,0,0,9,10,10,8,0,0,0,0,0,0,0,1,09 雲林縣,2 技職
1066,環球科技大學,D 日,2 二專,0,0,9,4,0,0,0,0,0,0,0,0,0,0,10,11,09 雲林縣,2 技職
1066,環球科技大學,N 職,M 碩士,14,7,11,2,0,0,0,0,0,0,0,0,0,0,0,0,09 雲林縣,2 技職
1066,環球科技大學,N 修,B 四技,181,190,127,133,98,88,156,123,0,0,0,0,0,0,0,0,09 雲林縣,2 技職
1066,環球科技大學,N 修,C 二技,0,0,0,0,34,123,43,109,0,0,0,0,0,0,0,0,09 雲林縣,2 技職
1066,環球科技大學,N 修,2 二專,107,85,74,92,0,0,0,0,0,0,0,0,0,0,0,0,09 雲林縣,2 技職
1067,台灣首府大學,D 日,M 碩士,13,19,15,19,0,0,0,0,0,0,0,0,0,0,2,1,11 臺南市,1 一般
1067,台灣首府大學,D 日,B 學士,591,458,397,345,539,408,465,298,0,0,0,0,0,0,53,38,11 臺南市,1 一般
1067,台灣首府大學,N 職,M 碩士,3,4,0,0,0,0,0,0,0,0,0,0,0,0,0,0,11 臺南市,1 一般
1067,台灣首府大學,N 修,C 二技,0,0,0,0,13,8,16,10,0,0,0,0,0,0,4,1,11 臺南市,2 技職
1067,台灣首府大學,P 進,B 學士,90,101,78,71,119,121,144,123,0,0,0,0,0,0,28,15,11 臺南市,1 一般
1068,中州科技大學,D 日,M 碩士,18,8,17,6,14,3,4,1,0,0,0,0,0,0,0,0,07 彰化縣,2 技職
1068,中州科技大學,D 日,B 四技,467,312,377,262,443,305,582,322,0,0,0,0,0,0,80,23,07 彰化縣,2 技職
1068,中州科技大學,D 日,2 二專,12,0,19,0,0,0,0,0,0,0,0,0,0,0,0,0,07 彰化縣,2 技職
1068,中州科技大學,N 職,M 碩士,19,10,8,3,4,1,0,0,0,0,0,0,0,0,0,0,07 彰化縣,2 技職
1068,中州科技大學,N 修,B 四技,141,78,138,63,187,82,227,83,0,0,0,0,0,0,19,4,07 彰化縣,2 技職
1068,中州科技大學,N 修,C 二技,0,0,0,0,121,441,39,130,0,0,0,0,0,0,0,1,07 彰化縣,2 技職
1069,修平科技大學,D 日,M 碩士,20,15,15,6,0,0,0,0,0,0,0,0,0,0,15,1,06 臺中市,2 技職
1069,修平科技大學,D 日,B 四技,971,581,856,485,880,500,749,439,0,0,0,0,0,0,131,44,06 臺中市,2 技職
1069,修平科技大學,D 日,2 二專,0,0,14,0,0,0,0,0,0,0,0,0,0,0,0,0,06 臺中市,2 技職
1069,修平科技大學,N 修,B 四技,156,31,112,14,129,19,269,37,0,0,0,0,0,0,92,13,06 臺中市,2 技職
1069,修平科技大學,N 修,2 二專,16,9,11,1,0,0,0,0,0,0,0,0,0,0,1,0,06 臺中市,2 技職
1070,長庚科技大學,D 日,M 碩士,2,26,1,9,0,0,0,0,0,0,0,0,0,0,0,0,03 桃園縣,2 技職
1070,長庚科技大學,D 日,B 四技,64,590,61,563,54,569,48,425,0,0,0,0,0,0,3,15,03 桃園縣,2 技職
1070,長庚科技大學,D 日,C 二技,0,0,0,0,23,707,29,699,0,0,0,0,0,0,0,2,03 桃園縣,2 技職
1070,長庚科技大學,D 日,5 五專,17,210,16,208,9,260,21,399,22,489,0,0,0,0,0,35,03 桃園縣,2 技職
1070,長庚科技大學,N 職,M 碩士,0,9,2,8,0,8,0,0,0,0,0,0,0,0,0,7,03 桃園縣,2 技職
1070,長庚科技大學,N 修,C 二技,0,0,0,0,36,713,22,654,23,520,0,0,0,0,2,15,03 桃園縣,2 技職
1071,臺北城市科技大學,D 日,M 碩士,30,10,32,8,12,3,6,0,0,0,0,0,0,0,0,0,30 臺北市,2 技職
1071,臺北城市科技大學,D 日,B 四技,1067,775,1006,719,940,632,966,543,0,0,0,0,0,0,210,44,30 臺北市,2 技職
1071,臺北城市科技大學,D 日,C 二技,0,0,0,0,16,15,15,13,0,0,0,0,0,0,3,0,30 臺北市,2 技職
1071,臺北城市科技大學,D 日,2 二專,48,46,45,20,0,0,0,0,0,0,0,0,0,0,15,1,30 臺北市,2 技職
1071,臺北城市科技大學,D 日,5 五專,188,78,230,101,239,109,226,93,195,81,0,0,0,0,27,11,30 臺北市,2 技職
1071,臺北城市科技大學,N 修,B 四技,168,60,119,44,141,80,149,103,0,0,0,0,0,0,57,13,30 臺北市,2 技職
1071,臺北城市科技大學,N 修,2 二專,20,12,24,17,0,0,0,0,0,0,0,0,0,0,4,3,30 臺北市,2 技職
1072,大華科技大學,D 日,M 碩士,12,0,11,0,0,0,0,0,0,0,0,0,0,0,5,0,04 新竹縣,2 技職
1072,大華科技大學,D 日,B 四技,194,89,174,108,284,138,282,169,0,0,0,0,0,0,73,23,04 新竹縣,2 技職
1072,大華科技大學,D 日,C 二技,0,0,0,0,20,17,20,15,0,0,0,0,0,0,2,0,04 新竹縣,2 技職
1072,大華科技大學,D 日,5 五專,86,59,165,112,195,161,151,113,110,107,0,0,0,0,11,3,04 新竹縣,2 技職
1072,大華科技大學,N 職,M 碩士,0,0,3,0,0,0,0,0,0,0,0,0,0,0,3,0,04 新竹縣,2 技職
1072,大華科技大學,N 修,B 四技,127,42,133,63,125,64,133,66,0,0,0,0,0,0,46,12,04 新竹縣,2 技職
1072,大華科技大學,N 修,C 二技,0,0,0,0,276,78,92,15,0,0,0,0,0,0,3,0,04 新竹縣,2 技職
1072,大華科技大學,N 修,2 二專,60,14,0,0,0,0,0,0,0,0,0,0,0,0,0,0,04 新竹縣,2 技職
1073,醒吾科技大學,D 日,M 碩士,24,15,24,17,0,4,0,0,0,0,0,0,0,0,0,0,01 新北市,2 技職
1073,醒吾科技大學,D 日,B 四技,578,942,652,869,616,820,515,767,0,0,0,0,0,0,95,57,01 新北市,2 技職
1073,醒吾科技大學,D 日,2 二專,6,8,8,5,0,0,0,0,0,0,0,0,0,0,0,0,01 新北市,2 技職
1073,醒吾科技大學,D 日,5 五專,52,105,106,208,101,224,102,211,66,136,0,0,0,0,5,7,01 新北市,2 技職
1073,醒吾科技大學,N 職,M 碩士,16,12,14,6,0,0,0,0,0,0,0,0,0,0,0,0,01 新北市,2 技職
1073,醒吾科技大學,N 修,B 四技,167,197,163,147,165,127,233,112,0,0,0,0,0,0,63,36,01 新北市,2 技職
1074,南榮科技大學,D 日,M 碩士,5,10,5,5,0,0,0,0,0,0,0,0,0,0,0,0,11 臺南市,2 技職
1074,南榮科技大學,D 日,B 四技,395,229,177,141,178,123,191,136,0,0,0,0,0,0,31,13,11 臺南市,2 技職
1074,南榮科技大學,D 日,C 二技,0,0,0,0,7,1,16,0,0,0,0,0,0,0,0,0,11 臺南市,2 技職
1074,南榮科技大學,D 日,5 五專,16,10,56,18,68,24,50,22,38,11,0,0,0,0,4,0,11 臺南市,2 技職
1074,南榮科技大學,N 職,M 碩士,9,10,6,8,1,0,0,0,0,0,0,0,0,0,0,0,11 臺南市,2 技職
1074,南榮科技大學,N 修,B 四技,164,109,176,69,263,95,150,58,0,0,0,0,0,0,13,5,11 臺南市,2 技職
1074,南榮科技大學,N 修,C 二技,0,0,0,0,22,23,38,46,0,0,0,0,0,0,2,0,11 臺南市,2 技職
1074,南榮科技大學,N 修,2 二專,89,67,112,78,0,0,0,0,0,0,0,0,0,0,3,2,11 臺南市,2 技職
1075,文藻外語大學,D 日,M 碩士,12,22,7,17,1,17,2,8,0,0,0,0,0,0,0,0,50 高雄市,2 技職
1075,文藻外語大學,D 日,B 四技,226,1016,230,1005,267,933,217,927,0,0,0,0,0,0,73,214,50 高雄市,2 技職
1075,文藻外語大學,D 日,C 二技,0,0,0,0,23,135,6,128,0,0,0,0,0,0,7,28,50 高雄市,2 技職
1075,文藻外語大學,D 日,5 五專,59,303,60,282,49,301,48,310,46,292,0,0,0,0,2,16,50 高雄市,2 技職
1075,文藻外語大學,N 職,M 碩士,7,18,8,11,0,0,0,0,0,0,0,0,0,0,11,17,50 高雄市,2 技職
1075,文藻外語大學,N 修,B 四技,141,335,128,274,84,267,94,278,0,0,0,0,0,0,50,114,50 高雄市,2 技職
1075,文藻外語大學,N 修,C 二技,0,0,0,0,23,64,9,31,0,0,0,0,0,0,1,9,50 高雄市,2 技職
1076,華夏科技大學,D 日,M 碩士,14,0,6,1,0,0,0,0,0,0,0,0,0,0,0,0,01 新北市,2 技職
1076,華夏科技大學,D 日,B 四技,537,290,483,332,422,298,448,253,0,0,0,0,0,0,78,18,01 新北市,2 技職
1076,華夏科技大學,D 日,C 二技,0,0,0,0,37,13,36,11,0,0,0,0,0,0,2,0,01 新北市,2 技職
1076,華夏科技大學,D 日,5 五專,73,14,83,18,84,19,76,16,68,16,0,0,0,0,6,0,01 新北市,2 技職
1076,華夏科技大學,N 職,M 碩士,18,5,11,11,0,0,0,0,0,0,0,0,0,0,18,2,01 新北市,2 技職
1076,華夏科技大學,N 修,B 四技,199,104,111,56,131,88,180,90,0,0,0,0,0,0,49,27,01 新北市,2 技職
1076,華夏科技大學,N 修,C 二技,0,0,0,0,39,6,58,10,0,0,0,0,0,0,5,3,01 新北市,2 技職
1076,華夏科技大學,N 修,2 二專,62,64,79,116,0,0,0,0,0,0,0,0,0,0,8,16,01 新北市,2 技職
1125,興國管理學院,D 日,B 學士,41,25,33,29,18,14,18,10,0,0,0,0,0,0,6,3,21 臺南市,1 一般
1125,興國管理學院,N 修,C 二技,0,0,0,0,0,0,51,24,0,0,0,0,0,0,3,2,21 臺南市,2 技職
1125,興國管理學院,P 進,B 學士,0,0,29,9,46,38,43,19,0,0,0,0,0,0,10,3,21 臺南市,1 一般
1148,大漢技術學院,D 日,M 碩士,33,7,21,8,0,0,0,0,0,0,0,0,0,0,2,2,15 花蓮縣,2 技職
1148,大漢技術學院,D 日,B 四技,125,60,120,70,144,84,176,99,0,0,0,0,0,0,43,21,15 花蓮縣,2 技職
1148,大漢技術學院,D 日,C 二技,0,0,0,0,0,0,0,0,0,0,0,0,0,0,0,1,15 花蓮縣,2 技職
1148,大漢技術學院,N 修,B 四技,100,48,85,56,59,44,84,53,0,0,0,0,0,0,7,6,15 花蓮縣,2 技職
1148,大漢技術學院,N 修,C 二技,0,0,0,0,98,37,76,35,0,0,0,0,0,0,1,2,15 花蓮縣,2 技職
1148,大漢技術學院,N 修,2 二專,56,64,54,39,0,0,0,0,0,0,0,0,0,0,1,1,15 花蓮縣,2 技職
1150,慈濟技術學院,D 日,M 碩士,6,2,5,3,2,0,0,1,0,0,0,0,0,0,1,0,15 花蓮縣,2 技職
1150,慈濟技術學院,D 日,B 四技,165,169,124,126,107,120,111,147,0,0,0,0,0,0,38,17,15 花蓮縣,2 技職
1150,慈濟技術學院,D 日,C 二技,0,0,0,0,10,124,4,115,0,0,0,0,0,0,0,0,15 花蓮縣,2 技職
1150,慈濟技術學院,D 日,5 五專,34,221,27,222,23,221,14,233,16,180,0,0,0,0,1,16,15 花蓮縣,2 技職
1150,慈濟技術學院,N 修,C 二技,0,0,0,0,5,53,0,45,0,0,0,0,0,0,0,3,15 花蓮縣,2 技職
1159,和春技術學院,D 日,M 碩士,7,0,0,0,0,0,3,0,0,0,0,0,0,0,0,0,12 高雄市,2 技職
1159,和春技術學院,D 日,B 四技,192,101,194,94,265,124,220,116,0,0,0,0,0,0,102,31,12 高雄市,2 技職
1159,和春技術學院,D 日,C 二技,0,0,0,0,11,3,2,4,0,0,0,0,0,0,0,0,12 高雄市,2 技職
1159,和春技術學院,D 日,5 五專,29,22,48,35,54,30,53,32,44,44,0,0,0,0,6,3,12 高雄市,2 技職
1159,和春技術學院,N 修,B 四技,135,52,107,47,124,54,121,42,0,0,0,0,0,0,47,10,12 高雄市,2 技職
1159,和春技術學院,N 修,C 二技,0,0,0,0,60,17,29,9,0,0,0,0,0,0,2,0,12 高雄市,2 技職
1159,和春技術學院,N 修,2 二專,74,13,82,11,0,0,0,0,0,0,0,0,0,0,13,0,12 高雄市,2 技職
1164,致理技術學院,D 日,M 碩士,1,9,3,3,0,0,0,0,0,0,0,0,0,0,3,2,01 新北市,2 技職
1164,致理技術學院,D 日,B 四技,434,1127,473,1090,444,980,429,1088,0,0,0,0,0,0,98,121,01 新北市,2 技職
1164,致理技術學院,D 日,C 二技,0,0,0,0,83,155,74,116,0,0,0,0,0,0,12,13,01 新北市,2 技職
1164,致理技術學院,D 日,2 二專,54,36,76,60,0,0,0,0,0,0,0,0,0,0,6,6,01 新北市,2 技職
1164,致理技術學院,D 日,5 五專,60,268,51,277,63,268,54,265,46,217,0,0,0,0,9,12,01 新北市,2 技職
1164,致理技術學院,N 職,M 碩士,3,7,3,6,1,5,0,0,0,0,0,0,0,0,1,1,01 新北市,2 技職
1164,致理技術學院,N 修,B 四技,237,525,236,465,211,449,183,459,0,0,0,0,0,0,49,92,01 新北市,2 技職
1164,致理技術學院,N 修,C 二技,0,0,0,0,49,96,28,53,0,0,0,0,0,0,3,3,01 新北市,2 技職
1166,亞東技術學院,D 日,M 碩士,17,5,10,6,0,0,0,0,0,0,0,0,0,0,20,3,01 新北市,2 技職
1166,亞東技術學院,D 日,B 四技,791,338,815,342,829,384,725,343,0,0,0,0,0,0,123,24,01 新北市,2 技職
1166,亞東技術學院,D 日,C 二技,0,0,0,0,0,66,5,87,0,0,0,0,0,0,1,4,01 新北市,2 技職
1166,亞東技術學院,D 日,2 二專,11,3,14,5,0,0,0,0,0,0,0,0,0,0,0,0,01 新北市,2 技職
1166,亞東技術學院,N 修,B 四技,0,0,0,0,0,0,110,25,0,0,0,0,0,0,49,14,01 新北市,2 技職
1166,亞東技術學院,N 修,C 二技,0,0,0,0,0,26,0,23,0,42,0,0,0,0,0,3,01 新北市,2 技職
1168,桃園創新技術學院,D 日,M 碩士,18,4,20,1,0,0,0,0,0,0,0,0,0,0,2,0,03 桃園縣,2 技職
1168,桃園創新技術學院,D 日,B 四技,500,408,532,503,623,545,664,501,0,0,0,0,0,0,143,64,03 桃園縣,2 技職
1168,桃園創新技術學院,D 日,C 二技,0,0,0,0,20,12,10,7,0,0,0,0,0,0,0,0,03 桃園縣,2 技職
1168,桃園創新技術學院,D 日,2 二專,62,39,84,56,0,0,0,0,0,0,0,0,0,0,4,0,03 桃園縣,2 技職
1168,桃園創新技術學院,N 修,B 四技,205,100,146,101,148,113,217,152,0,0,0,0,0,0,51,25,03 桃園縣,2 技職
1176,稻江科技暨管理學院,D 日,M 碩士,11,23,9,12,6,0,5,1,0,0,0,0,0,0,0,0,10 嘉義縣,1 一般
1176,稻江科技暨管理學院,D 日,B 學士,237,280,164,135,196,285,149,265,0,0,0,0,0,0,31,13,10 嘉義縣,1 一般
1176,稻江科技暨管理學院,N 職,M 碩士,23,23,3,3,0,0,0,0,0,0,0,0,0,0,0,0,10 嘉義縣,1 一般
1176,稻江科技暨管理學院,N 修,C 二技,0,0,0,0,17,34,0,0,0,0,0,0,0,0,0,0,10 嘉義縣,2 技職
1176,稻江科技暨管理學院,P 進,B 學士,57,102,73,103,86,141,86,110,0,0,0,0,0,0,19,17,10 嘉義縣,1 一般
1179,德霖技術學院,D 日,B 四技,447,378,390,344,429,290,504,250,0,0,0,0,0,0,113,25,01 新北市,2 技職
1179,德霖技術學院,D 日,C 二技,0,0,0,0,25,46,23,42,0,0,0,0,0,0,0,0,01 新北市,2 技職
1179,德霖技術學院,D 日,2 二專,46,32,66,34,0,0,0,0,0,0,0,0,0,0,2,3,01 新北市,2 技職
1179,德霖技術學院,D 日,5 五專,197,118,243,138,271,148,206,123,263,75,0,0,0,0,24,3,01 新北市,2 技職
1179,德霖技術學院,N 修,B 四技,155,80,245,111,202,93,242,109,0,0,0,0,0,0,82,23,01 新北市,2 技職
1179,德霖技術學院,N 修,C 二技,0,0,0,0,178,92,136,79,0,0,0,0,0,0,19,2,01 新北市,2 技職
1179,德霖技術學院,N 修,2 二專,164,103,90,60,0,0,0,0,0,0,0,0,0,0,14,5,01 新北市,2 技職
1182,蘭陽技術學院,D 日,B 四技,89,92,141,84,180,113,204,138,0,0,0,0,0,0,77,40,02 宜蘭縣,2 技職
1182,蘭陽技術學院,D 日,C 二技,0,0,0,0,4,8,32,24,0,0,0,0,0,0,5,4,02 宜蘭縣,2 技職
1182,蘭陽技術學院,D 日,2 二專,0,0,12,2,0,0,0,0,0,0,0,0,0,0,3,0,02 宜蘭縣,2 技職
1182,蘭陽技術學院,D 日,5 五專,60,35,93,52,136,94,111,59,95,82,0,0,0,0,15,8,02 宜蘭縣,2 技職
1182,蘭陽技術學院,N 修,B 四技,0,0,0,0,0,0,9,2,0,0,0,0,0,0,1,0,02 宜蘭縣,2 技職
1182,蘭陽技術學院,N 修,C 二技,0,0,0,0,0,0,0,0,0,0,0,0,0,0,1,0,02 宜蘭縣,2 技職
1182,蘭陽技術學院,N 修,2 二專,0,0,0,0,0,0,0,0,0,0,0,0,0,0,3,0,02 宜蘭縣,2 技職
1183,黎明技術學院,D 日,B 四技,390,385,369,296,395,243,329,185,0,0,0,0,0,0,41,5,01 新北市,2 技職
1183,黎明技術學院,D 日,C 二技,0,0,0,0,0,9,1,18,0,0,0,0,0,0,0,0,01 新北市,2 技職
1183,黎明技術學院,D 日,5 五專,131,27,175,25,181,28,148,27,186,9,0,0,0,0,6,0,01 新北市,2 技職
1183,黎明技術學院,N 修,B 四技,146,79,126,64,108,47,152,84,0,0,0,0,0,0,0,0,01 新北市,2 技職
1183,黎明技術學院,N 修,C 二技,0,0,0,0,0,41,1,9,0,0,0,0,0,0,0,0,01 新北市,2 技職
1183,黎明技術學院,N 修,2 二專,6,72,5,53,0,0,0,0,0,0,0,0,0,0,0,0,01 新北市,2 技職
1184,東方設計學院,D 日,D 博士,2,1,0,0,0,0,0,0,0,0,0,0,0,0,0,0,12 高雄市,2 技職
1184,東方設計學院,D 日,M 碩士,11,15,4,8,0,0,0,0,0,0,0,0,0,0,3,6,12 高雄市,2 技職
1184,東方設計學院,D 日,B 四技,229,235,268,281,272,281,204,208,0,0,0,0,0,0,42,26,12 高雄市,2 技職
1184,東方設計學院,D 日,C 二技,0,0,0,0,18,16,10,14,0,0,0,0,0,0,1,1,12 高雄市,2 技職
1184,東方設計學院,D 日,2 二專,0,0,4,5,0,0,0,0,0,0,0,0,0,0,2,0,12 高雄市,2 技職
1184,東方設計學院,D 日,5 五專,119,156,155,237,209,246,115,183,57,101,0,0,0,0,5,8,12 高雄市,2 技職
1184,東方設計學院,N 職,M 碩士,15,16,10,8,0,0,0,0,0,0,0,0,0,0,7,7,12 高雄市,2 技職
1184,東方設計學院,N 修,B 四技,13,11,18,13,31,16,33,5,0,0,0,0,0,0,11,1,12 高雄市,2 技職
1185,經國管理暨健康學院,D 日,M 碩士,4,6,2,7,1,2,0,1,0,0,0,0,0,0,0,0,17 基隆市,2 技職
1185,經國管理暨健康學院,D 日,B 四技,217,307,154,255,153,240,121,227,0,0,0,0,0,0,32,43,17 基隆市,2 技職
1185,經國管理暨健康學院,D 日,C 二技,0,0,0,0,1,57,1,57,0,0,0,0,0,0,1,1,17 基隆市,2 技職
1185,經國管理暨健康學院,D 日,5 五專,97,276,81,278,79,277,48,206,44,209,0,0,0,0,8,33,17 基隆市,2 技職
1185,經國管理暨健康學院,N 職,M 碩士,1,19,6,14,2,1,0,0,0,0,0,0,0,0,0,1,17 基隆市,2 技職
1185,經國管理暨健康學院,N 修,B 四技,30,44,28,33,46,53,41,69,0,0,0,0,0,0,12,6,17 基隆市,2 技職
1185,經國管理暨健康學院,N 修,C 二技,0,0,0,0,3,94,1,70,0,0,0,0,0,0,0,4,17 基隆市,2 技職
1187,崇右技術學院,D 日,M 碩士,10,19,6,5,0,0,0,0,0,0,0,0,0,0,0,0,17 基隆市,2 技職
1187,崇右技術學院,D 日,B 四技,266,321,238,272,236,344,209,274,0,0,0,0,0,0,47,57,17 基隆市,2 技職
1187,崇右技術學院,D 日,C 二技,0,0,0,0,0,1,0,0,0,0,0,0,0,0,0,0,17 基隆市,2 技職
1187,崇右技術學院,D 日,5 五專,56,51,76,74,77,156,89,121,79,119,0,0,0,0,4,11,17 基隆市,2 技職
1188,大同技術學院,D 日,B 四技,183,280,227,258,188,194,180,203,0,0,0,0,0,0,35,17,20 嘉義市,2 技職
1188,大同技術學院,D 日,C 二技,0,0,0,0,0,0,3,8,0,0,0,0,0,0,0,0,20 嘉義市,2 技職
1188,大同技術學院,D 日,5 五專,14,13,28,34,30,29,21,20,20,21,0,0,0,0,1,0,20 嘉義市,2 技職
1188,大同技術學院,N 修,B 四技,53,64,52,79,57,66,47,78,0,0,0,0,0,0,14,14,20 嘉義市,2 技職
1188,大同技術學院,N 修,C 二技,0,0,0,0,49,146,33,92,0,0,0,0,0,0,4,4,20 嘉義市,2 技職
1188,大同技術學院,N 修,2 二專,6,14,16,14,0,0,0,0,0,0,0,0,0,0,2,2,20 嘉義市,2 技職
1189,亞太創意技術學院,D 日,M 碩士,15,18,10,13,4,1,0,0,0,0,0,0,0,0,0,0,05 苗栗縣,2 技職
1189,亞太創意技術學院,D 日,B 四技,98,75,122,92,167,138,233,189,0,0,0,0,0,0,63,35,05 苗栗縣,2 技職
1189,亞太創意技術學院,D 日,C 二技,0,0,0,0,0,0,9,102,0,0,0,0,0,0,0,0,05 苗栗縣,2 技職
1189,亞太創意技術學院,N 修,B 四技,0,0,0,0,0,0,0,0,0,0,0,0,0,0,0,1,05 苗栗縣,2 技職
1189,亞太創意技術學院,N 修,C 二技,0,0,0,0,0,0,15,201,0,0,0,0,0,0,0,0,05 苗栗縣,2 技職
1189,亞太創意技術學院,N 修,2 二專,0,0,6,195,0,0,0,0,0,0,0,0,0,0,0,0,05 苗栗縣,2 技職
1192,臺灣觀光學院,D 日,M 碩士,6,6,1,7,0,0,0,0,0,0,0,0,0,0,0,0,15 花蓮縣,2 技職
1192,臺灣觀光學院,D 日,B 四技,101,123,111,118,155,133,201,150,0,0,0,0,0,0,37,12,15 花蓮縣,2 技職
1192,臺灣觀光學院,D 日,C 二技,0,0,0,0,7,15,19,18,0,0,0,0,0,0,0,0,15 花蓮縣,2 技職
1192,臺灣觀光學院,D 日,2 二專,11,8,4,4,0,0,0,0,0,0,0,0,0,0,1,1,15 花蓮縣,2 技職
1192,臺灣觀光學院,D 日,5 五專,21,51,31,35,0,0,0,0,19,32,0,0,0,0,0,2,15 花蓮縣,2 技職
1192,臺灣觀光學院,N 修,B 四技,20,25,8,19,15,18,10,25,0,0,0,0,0,0,4,1,15 花蓮縣,2 技職
1192,臺灣觀光學院,N 修,C 二技,0,0,0,0,20,19,9,11,0,0,0,0,0,0,0,1,15 花蓮縣,2 技職
1192,臺灣觀光學院,N 修,X 4+X,1,9,0,0,0,0,0,0,0,0,0,0,0,0,0,0,15 花蓮縣,2 技職
1192,臺灣觀光學院,N 修,2 二專,19,22,26,33,0,0,0,0,0,0,0,0,0,0,3,1,15 花蓮縣,2 技職
1194,台北海洋技術學院,D 日,B 四技,549,580,520,492,525,436,431,329,0,0,0,0,0,0,53,24,30 臺北市,2 技職
1194,台北海洋技術學院,D 日,C 二技,0,0,0,0,86,26,64,26,0,0,0,0,0,0,1,1,30 臺北市,2 技職
1194,台北海洋技術學院,D 日,X 4+X,35,7,40,4,0,0,0,0,0,0,0,0,0,0,0,0,30 臺北市,2 技職
1194,台北海洋技術學院,D 日,2 二專,149,34,114,23,0,0,0,0,0,0,0,0,0,0,11,6,30 臺北市,2 技職
1194,台北海洋技術學院,D 日,5 五專,158,114,178,134,193,109,178,101,152,75,0,0,0,0,9,3,30 臺北市,2 技職
1194,台北海洋技術學院,N 修,B 四技,21,9,24,12,28,24,40,33,0,0,0,0,0,0,13,3,30 臺北市,2 技職
1194,台北海洋技術學院,N 修,C 二技,0,0,0,0,14,31,26,25,0,0,0,0,0,0,1,0,30 臺北市,2 技職
1194,台北海洋技術學院,N 修,2 二專,74,7,52,3,0,0,0,0,0,0,0,0,0,0,6,0,30 臺北市,2 技職
1195,馬偕醫學院,D 日,M 碩士,3,1,3,3,0,0,0,0,0,0,0,0,0,0,0,0,01 新北市,1 一般
1195,馬偕醫學院,D 日,B 學士,40,77,43,75,37,79,42,35,31,9,29,11,0,0,0,1,01 新北市,1 一般
1195,馬偕醫學院,N 修,C 二技,0,0,0,0,0,11,0,0,0,0,0,0,0,0,0,0,01 新北市,2 技職
1196,法鼓文理學院,D 日,D 博士,2,1,1,1,0,3,0,0,0,0,0,0,0,0,0,0,01 新北市,1 一般
1196,法鼓文理學院,D 日,M 碩士,5,13,4,10,6,10,6,16,0,0,0,0,0,0,0,0,01 新北市,1 一般
1196,法鼓文理學院,D 日,B 學士,6,10,2,5,2,11,3,9,0,0,0,0,0,0,0,0,01 新北市,1 一般
1281,康寧醫護暨管理專科學校,D 日,2 二專,8,54,5,46,0,0,0,0,0,0,0,0,0,0,0,2,30 臺北市,2 技職
1281,康寧醫護暨管理專科學校,D 日,5 五專,125,440,141,461,106,456,95,435,68,442,0,0,0,0,10,32,30 臺北市,2 技職
1281,康寧醫護暨管理專科學校,N 修,2 二專,31,143,11,109,0,0,0,0,0,0,0,0,0,0,3,4,30 臺北市,2 技職
1282,馬偕醫護管理專科學校,D 日,2 二專,1,20,10,34,0,0,0,0,0,0,0,0,0,0,5,12,30 臺北市,2 技職
1282,馬偕醫護管理專科學校,D 日,5 五專,89,733,95,708,73,686,53,653,36,532,0,0,0,0,3,40,30 臺北市,2 技職
1282,馬偕醫護管理專科學校,N 修,2 二專,167,135,4,69,0,0,0,0,0,0,0,0,0,0,0,2,30 臺北市,2 技職
1283,仁德醫護管理專科學校,D 日,5 五專,230,937,259,975,302,924,227,887,203,830,0,0,0,0,87,128,05 苗栗縣,2 技職
1283,仁德醫護管理專科學校,N 修,2 二專,147,175,57,70,0,0,0,0,0,0,0,0,0,0,11,6,05 苗栗縣,2 技職
1284,樹人醫護管理專科學校,D 日,5 五專,299,963,339,1049,346,993,253,890,236,786,0,0,0,0,76,167,12 高雄市,2 技職
1284,樹人醫護管理專科學校,N 修,2 二專,166,66,97,37,32,6,31,12,0,0,0,0,0,0,2,2,12 高雄市,2 技職
1285,慈惠醫護管理專科學校,D 日,2 二專,27,44,36,41,0,0,0,0,0,0,0,0,0,0,5,7,13 屏東縣,2 技職
1285,慈惠醫護管理專科學校,D 日,5 五專,284,868,337,919,343,970,287,834,218,743,0,0,0,0,63,157,13 屏東縣,2 技職
1285,慈惠醫護管理專科學校,N 修,2 二專,54,100,46,69,10,5,6,4,0,0,0,0,0,0,5,8,13 屏東縣,2 技職
1286,耕莘健康管理專科學校,D 日,5 五專,126,920,103,933,119,950,69,735,63,795,0,0,0,0,27,66,01 新北市,2 技職
1286,耕莘健康管理專科學校,N 修,2 二專,1,38,0,40,0,0,0,0,0,0,0,0,0,0,0,1,01 新北市,2 技職
1287,敏惠醫護管理專科學校,D 日,5 五專,92,691,100,704,91,714,70,639,76,629,0,0,0,0,12,57,11 臺南市,2 技職
1288,高美醫護管理專科學校,D 日,5 五專,29,62,21,75,24,119,38,120,29,135,0,0,0,0,0,0,12 高雄市,2 技職
1288,高美醫護管理專科學校,N 修,2 二專,69,53,35,41,0,0,0,0,0,0,0,0,0,0,0,0,12 高雄市,2 技職
1289,育英醫護管理專科學校,D 日,5 五專,34,354,33,356,29,367,22,398,19,341,0,0,0,0,8,49,50 高雄市,2 技職
1290,崇仁醫護管理專科學校,D 日,5 五專,78,599,85,625,69,573,60,543,50,514,0,0,0,0,10,32,20 嘉義市,2 技職
1290,崇仁醫護管理專科學校,N 修,2 二專,0,0,2,16,0,0,0,0,0,0,0,0,0,0,0,1,20 嘉義市,2 技職
1291,聖母醫護管理專科學校,D 日,5 五專,175,600,184,598,156,585,136,539,125,600,0,0,0,0,0,4,02 宜蘭縣,2 技職
1292,新生醫護管理專科學校,D 日,5 五專,134,1031,143,1059,122,1050,90,1043,75,966,0,0,0,0,12,44,03 桃園縣,2 技職
1292,新生醫護管理專科學校,N 修,2 二專,17,41,6,22,0,0,0,0,0,0,0,0,0,0,0,0,03 桃園縣,2 技職
3002,臺北市立大學,D 日,D 博士,21,25,10,20,11,20,13,17,14,15,12,11,14,17,9,7,30 臺北市,1 一般
3002,臺北市立大學,D 日,M 碩士,139,284,106,228,79,178,51,111,0,0,0,0,0,0,18,39,30 臺北市,1 一般
3002,臺北市立大學,D 日,B 學士,588,705,521,670,499,628,488,600,0,0,0,0,0,0,179,93,30 臺北市,1 一般
3002,臺北市立大學,N 職,M 碩士,114,271,114,225,39,79,24,39,0,0,0,0,0,0,33,48,30 臺北市,1 一般
